Ulasan,Polaritas,Subjektivitas,Analisis
"kiosk matic gak berfungsi, order bright gas gak bisa, banyak fitur yg gak berfungsi",0.6000000000000001,0.6499999999999999,Positif
"Ga niat bikin app kah? I spent an hour at spbu, karena link aja ga bisa konek setelah sebelumnya terhubung. Sekarang spbu ga terima pembayaran link aja karena mereka bilang suka error, sedangkan pembayaran dengan my pertamina bagi pelanggan, di mana aplikasi my pertamina lebih sering error itu lebih merugikan dan sangat tidak ramah pembayaran dengan e-wallet/e-money.",0.18666666666666668,0.31333333333333335,Positif
"ngga bisa login, lucu yaa ğŸ¤£ğŸ¤£",0.25,1.0,Positif
"Saya sudah daftar untuk mobil pribadi, meskipun harus upload foto kendaraan dan STNK berulang kali hingga akhirnya bisa di approve. Kemudian saya menambahkan data kendaraan operasional kantor, begitu saya update datanya, data kendaraan pribadi ikut terupdate dan menunggu verifikasi ulang, beberapa hari kemudian dapat notif data ditolak untuk kedua duanya. Ingin berkata kasar rasanya....!!!!",-0.15540364583333333,0.4083333333333334,Negatif
Sering error,0.0,0.0,Netral
Useless app ever,-0.5,0.2,Negatif
Udah disave tapi masih ngga kesave ngulang ngulang terus payahhh,0.0,0.0,Netral
Katanya bs connect ovo. Tp kok hrs connect ke linkaja dulu? Gmn sih. Gak guna dong ada ovo. Klo ttp harus ada linkaja dlu,0.25,0.3333333333333333,Positif
Need another payment methode beside LinkAja,0.0,0.0,Netral
Ini server MyPertamina lemot apa gimana sih? Setiap petugas SPBU mau bikin qrcode pembayaran loadingnya lama banget dan seringnya gagal. Bikin antrian makin panjang aja.,-0.1625,0.3,Negatif
Tidak bisa isi pertalite karna mobil saya grandmax pickup didata terdaftar di biosolar.,0.0,0.0,Netral
Buruk sekali. Saya puluhan kali mau mendaftar kendaraan saya nggak bisa.,-0.9099999999999998,0.8666666666666667,Negatif
sulit dipakainya tidak user friendly,0.04166666666666666,0.5208333333333333,Positif
Gak bisa disambungkan ke linkaja ğŸ‘,0.0,0.0,Netral
"Bad app, ribet tidak terintergrasi dan buang waktu... Yg bikin app bodoh.. Gw buang aja app ngga guna juga.",-0.5499999999999999,0.6666666666666666,Negatif
"Gak jelas penggunaannya sampai saat ini, maksud dan tujuannya gak nyambung",0.0,0.0,Netral
"Data dipakai orang lain utk bio solar, padahal kendaraan saya bensin. Saya yg punya STNK asli dari awal malah ditolak dengan catatan STNK tidak jelas.",0.375,0.75,Positif
"untuk terhubung ovo harus konek dulu linkaja, daftar harus pake usia, sangat gak efektif dan takada guna.",0.225,0.31666666666666665,Positif
Tampilan doang dicakepin. Layanan noh beresin. Orang verifikasi berbulan2 g beres2. Kalo bs kasih bintang 0 gw kasih dh.,0.0,0.0,Netral
Aplikasinya bisa saja berguna dijaman cashless ini. Akan tetapi hendaknya para pegawai di SPBU ditraining dan tetap update jika ada yg akan membayar menggunakan aplikasi ini. Beberapakali mereka terlihat bingung. Terakhir di SPBU TMII. Beruntung saya bawa uang tunai.,0.05833333333333332,0.6333333333333333,Positif
Terima kasih udah nambah support pembayaran via OVO. Next ditunggu integrasinya dengan gopay. Klo udah bisa pake gopay baru deh saya kasi bintang 5 ğŸ˜ğŸ˜,0.06818181818181818,0.22727272727272727,Positif
konek ke ovo terkena validasi linkaja,0.0,0.0,Netral
"Nyerah saya, sudah 3 bulan sejak install aplikasi ini tapi buat hubungkan dengan Link Aja tidak bisa. Selalu muncul terjadi pesan terjadi kesalahan",0.0,0.0,Netral
"Whatever it is, I gave you 5 stars, because I cannot make it.",0.0,0.0,Netral
tambahin pembayaran via dana juga dong min,0.0,0.0,Netral
"After latest update, it say no internet connection.",0.5,0.9,Positif
great,0.8,0.75,Positif
Tidak bisa melakukan pendaftaran!?1!,0.0,0.0,Netral
"Aplikasinya bagus, mudah digunakan untuk pengguna baru, serta sangat simple tampilannya. Keseluruhan sangat bagus.",0.36328282828282826,0.5220274170274172,Positif
"Very stupid, poor and bad apps, i already filled gasoline many times by scanning the QR, but on my total purchase bar it still showing ""Zero"", forcing payment with LinkAja, a total useless if this apps only have functions on showing QR !!!",-0.14999999999999997,0.7708333333333333,Negatif
"Sudah bagus, tapi lebih sering gangguan aja beberapa kali saya minta pembayaran menggunakan mypertamina tapi info petugas spbu nya gangguan Lebih sering info gangguan nya dri pada bisa nya terimakasih",0.375,0.42500000000000004,Positif
Aplikasi TOLOL,-0.7999999999999999,1.0,Negatif
"Ribet sekali pakai my pertamina ini, software nya lag2, mau update data tidak bisa, susah.",-0.39583333333333337,0.7708333333333333,Negatif
Ga ada promo pake app nya,0.0,0.0,Netral
Tidak bisa menghubungkan dengan aplikasi linkaja. Sudah hampir 1 bulan begini terus.,0.0,0.0,Netral
"Too many relogin. Terlalu sering minta login ulang. By the time we'd like to use, it asks please login. Ini development gratisan ya? Ruwet amet Not to mention it requires nearly a minute to process the money transferred. Did you aware the line? One other thing not all gas station available this payment",0.25416666666666665,0.45416666666666666,Positif
"Min, tolong info bisa lapor kemana klo ada SPBU yg tidak menggunakan / tidak menerima pembayaran menggunakan My Pertamina?",0.0,0.0,Netral
"Camera untuk foto tidak jelas, upload dari hp tidak bs, mau terverifikasi bagaimana? Ditolak terus krn fotonya tdk jelas, lalu saya harus bagaimana agar terverifikasi",0.0,0.0,Netral
Tidak bisa dihubungkan metode pembayarannya dengan Linkajah.,0.0,0.0,Netral
"Ribet, mau nonton basket kudu bintang 5 baru boleh masuk",-0.18181818181818182,0.7272727272727273,Negatif
tolong perbaiki maps dibatam,0.0,0.0,Netral
Tambahkan opsi pembayaran QRIS aja gausah ribet untuk semua jenis BBM termasuk yg subsidi,-0.125,1.0,Negatif
sangat bagus,0.9099999999999999,0.7800000000000001,Positif
Bagus,0.7,0.6000000000000001,Positif
Bagus,0.7,0.6000000000000001,Positif
SANGAT MENYUSAHKAN MASYARAKAT!!!!!,0.6103515625,0.3,Positif
"sangat berguna, bermanfaat memberikan bonus kepada pengguna",0.345,0.0,Positif
bagus,0.7,0.6000000000000001,Positif
Sucks....,-0.3,0.3,Negatif
kerenm,0.35,0.65,Positif
"Sangat informatif dan point dari mypertamina bisa di redeem berbagai hadiah, namun untuk bugs dan total point yang masuk perlu di improve lagi. Thankyouu",0.06666666666666667,0.5166666666666667,Positif
Aplikasi terlalu banyak error ketika akan melakukan pembayaran..,0.2,0.2,Positif
Support Indonesia BUMN to keep moving forward ...,0.0,0.0,Netral
"Aplikasi my pertamina Buang2 waktu Gak efisien, Gak bisa konek sama aplikasi linkaja. Ngak jelas. Buatlah program yg professional Mudah digunakan dan simpel.",0.056666666666666664,0.33476190476190476,Positif
Keren,0.35,0.65,Positif
Kayanya ngga ada aplikasi ini jg gpp,0.0,0.0,Netral
"Can't apply ""Subsidi Tepat""?",0.2857142857142857,0.5357142857142857,Positif
Mendaftar secara detail tidak mudah dan efektif..page bolak balik jadi ilang2 masukin databdan foto. TOLONG KALAU INI DIWAJIBKAN LEBIH KASIH EFFORT LAH UNTUK PENGEMBANGAN APLIKASI.SEMUABDIINPUT MANUAL TAPI GA PERNAH COMPLETE,0.22083333333333333,0.5333333333333333,Positif
WAA SANGAAT BERGUNAA AKU BISA ISI BENSIN DENGAN MUDAH MENGGUNAKAN MYPERTAMINA,0.3666666666666667,0.4166666666666667,Positif
Aplikasi gblok,0.0,0.0,Netral
Ok,0.5,0.5,Positif
Oke,0.5,0.5,Positif
"Mau beli bensin aja ribet, history pembelian tdk update ke app.",-0.5,1.0,Negatif
Sudah satu bulan dan tidak bisa masuk. Selalu menampilkan koneksi time out. Wassalam,0.0,0.0,Netral
"Parah.... bikin aplikasi divendor mana?kebanyakan k0rups1 ni pasti, h4rga pasti m4hal kwalitas jelek banget",-0.22392857142857134,0.6511904761904761,Negatif
mantapppp,0.0,0.0,Netral
Ribet,-0.5,1.0,Negatif
"Ada kelurahan yg tidak ada didalam tabel apps. Kelurahan ""TELUK PUCUNG"", yg ada di Kecamatan "" BEKASI UTARA"" Kota ""BEKASI"" Belum ada. Tolong ditambahkan.",0.0,0.0,Netral
App ini membantu saya untuk menjadi supporter basket,0.0,0.0,Netral
Mantappppp,0.0,0.0,Netral
Only can use LINK payment.. useless apps.,-0.25,0.6,Negatif
Great app,0.8,0.75,Positif
aplikasi ga guna ktnya memudahkan tp di pom ktnya gabisa gangguan terus aja gitu aplikasi sampah,0.43333333333333335,0.8333333333333334,Positif
Ribet cara penggunanaan dan errot,-0.5,1.0,Negatif
"Mantap, udah bener",0.575,0.7,Positif
Most useless apps ever,0.0,0.35,Netral
"Baiknya BARCODE QR yg didapat bisa langsung tampil di tampilan awal app, shg tdk melaui proses yg lbh lama",0.21666666666666665,0.3333333333333333,Positif
"Gimana sih, kok setiap masuk harus verifikasi, ribet amat",-0.65,1.0,Negatif
Applikasi utk pengisian BBM yg tdk bisa digunakan di sejumlah SPBU Pertamina,0.0,0.0,Netral
"Call center hanya informasi, tidak bisa bantu solve problem, ke cs juga tetap tidak ada jawaban dan tidak menyelesaikan masalah, hanya diminta menunggu terus",-0.03333333333333333,0.7000000000000001,Negatif
"kalau gk siap,, jgn bikin Program dlu woii.... ini Login aja susahhhh",-0.3,0.75,Negatif
Dodol banget di pom bensin alat mypertamina punya pom bensin susah sinyal. Pake apa sih providernya?,-0.15,0.65,Negatif
bad,-0.6999999999999998,0.6666666666666666,Negatif
"Makin kesini, makin sering gangguannya.. wasting time to use this apps..",0.5,0.5,Positif
This app doesn't want me register my data haha. It return back to start page of register when i'm in a middle of registration process. Camera always lagging when it opens. Very bad bad experience. Developer please fix it asap! Kasian warga yg ga ngerti cara daftar di app kaya gini masih disusahkan dengan app nya yg 'garbage' seperti ini!,-0.3728571428571428,0.4904761904761905,Negatif
"Mudah banget isi BBM. Scan, masukin password link aja, done! Sesimpel itu! Kalo bukan kita yang banggain karya anak bangsa, siapa lagi!",0.513888888888889,0.7301587301587302,Positif
Beli bensin malah tambah susah aja,0.0,0.75,Netral
"Easy to use, mantap ğŸ‘ğŸ¼",0.6166666666666667,0.7916666666666667,Positif
lemot,-0.30000000000000004,0.39999999999999997,Negatif
"Jelek bgt aplikasi , benerin dulu aplikasi baru suruh cust pake buat isi bbm . Mau verifikasi aja connectio time out melulu !!!!!!",0.023395330255681857,0.48484848484848486,Positif
"Aplikasi sering error, sudah terbayar bahan bakarnya tapi history tidak masuk begitu pula dengan point nya.",0.0,0.0,Netral
"Sok-sok pakai aplikasi, biar distribusi tepat sasaran katanya, naikkan bbm, solar tetep susah dimanaÂ². USELESS",-0.25357142857142856,0.6089285714285715,Negatif
"Aplikasi membingungkan, verifikasi tidak profesional, tidak bermanfaat..",-0.22499999999999998,0.2,Negatif
Masih menunggu approval,0.0,0.0,Netral
"Very Bad app, only complicates society!!!",-0.4549999999999999,0.9333333333333333,Negatif
"Bikin hp panas doang, cm bisa log in log out ğŸ™‚",0.25,0.8500000000000001,Positif
Menyusahkan. Nopol solar bisa-bisanya dikasih pertalite,0.0,0.0,Netral
"Beli bbm aja dibuat ribet, mana aplikasinya sering eror",-0.5,1.0,Negatif
Sejak update terakhir PIN selalu salah dan aplikasi yg seharusnya mempercepat pembayaran malah ribet berbelit bikin antrian panjang,-0.1375,0.7999999999999999,Negatif
Ga guna,-0.5,0.2,Negatif
"Klo belum siap, kenapa diluncurkan. Verfkasi yg lama, g praktis, harua terhubung HANYA dengan link aja, pas daftar nomor plat, katanya STNK nya g sama atau belum terbaca, udah gtu lama pula nunggu nya. Klo emang mau pake AI kenapa lama bgt, klo pake org kenapa bsa g terbaca? G jelas.",0.025000000000000005,0.4010416666666667,Positif
Aplikasi plat merah rata rata cacad apa pertamina ngga bisa bayar programer handal ??? Progamer tolol dipake ....Gw japri pk erick tohir biar pada di pecat pecatin,-0.27499999999999997,0.44999999999999996,Negatif
Setiap mau pembayaran pasti bilangnya mesin rusak di SPBU. Apakah karena sistemnya ribet?,-0.45,0.7,Negatif
"My apply declined because the picture isn't clear. It because maximum size on this app is 2mb, if I take the picture using the camera from the app, it's blurry and dark. If I use picture that I tooked from phone camera, the file size is over 2MB. So what should I do?",-0.024999999999999988,0.39166666666666666,Negatif
"Rating tetep 1 nek isih ribet lan ruwet amarga aPELIkasine nggatheli koyo Maguire & Fred! Saranku, kudune BUMN ki iso kerja sama karo instansi lain terkait data kendaraan gen ora kakehan njaluk syarat pendaftaran.",-0.0625,0.69375,Negatif
Reset password stuck aplikasi lol,0.8,0.7,Positif
gabisa registrasi,0.0,0.0,Netral
Aplikasi yg Repot. Selalu eror setiap mau di gunakan. Jaringan bermasalah atau aplikasi time out setiap mau digunakan,0.0,0.0,Netral
Pertamina become better and best,0.75,0.4,Positif
mantul ğŸ‘ğŸ¼ğŸ‘ğŸ¼ğŸ‘ğŸ¼,0.0,0.0,Netral
Jelek banyak bug Pembayaran ampas,-0.7,1.0,Negatif
Aplikasi yang sangat menguras tenaga pikiran dan bikin emosi. Baru kali ini bikin review vuruk seburuk apps nya,-0.08333333333333327,0.4333333333333333,Negatif
"Buang2 waktu, paksa orang untuk pake tapi aplikasinya belum siap, jangankan register buka aplikasinya aja ga bisa ke tahan dilogo my pertamini. Selamat buat tim developernya menang banyak, trus aplikasinya ga diurus.",0.037500000000000006,0.43125,Positif
"Trying to pay with MyPertamina but always rejected by person on duty in Pertamina Station, although I'm using Pertamax.. Maybe because I'm using motorcycle? Don't know, but I think it's useless to use this app.",-0.5,0.2,Negatif
"Tambah bintang, pesan error masih bahasa mesin, tapi sudah bisa login.... Thank's team Pertamina",0.0,0.0,Netral
Ancur,-0.4,0.4,Negatif
Thank,0.0,0.0,Netral
Ribet banget,-0.65,1.0,Negatif
Pembayaran linkaja selalu gagal sudah sebulan tidak ada perbaikan,0.0,0.0,Netral
"Ketika ada masalah. Gk tau mesti ngadu kemana. Di email, malah jawabnya disuruh install aplikasi ini. Di FB malah gk dijawab, ditelpon 135 bilangnya sibuk terus.",0.1,0.3,Positif
Mendaftar susah.. Dan untuk mobil. Jenis lain blm ada seperti mobil lama merk proton,-0.17500000000000002,0.525,Negatif
sklian ga usah jual bensin,0.0,0.0,Netral
"Sudah daftar, nik dan password dibilang salah sudah lakukan berkali kali.",0.0,0.7,Netral
"Sangat"" Membingungkan, dan mempersulit keadaan, orang awam akan kesulitan untuk regristrasi.",-0.32,0.51,Negatif
App busuq. Mau bayar di SPBU banyak yg nolak. Mana prosesnya ribet. Kirain cepet kayak e toll,0.06666666666666667,0.7000000000000001,Positif
Blm semua outlet pertamina menerima pembayaran lewat aplikasi entah malas atau memang tidak bisa,-0.25,1.0,Negatif
"Mohon lebih ditingkatkan dalam hal jaringan untuk pemakaian aplikasi my pertamina di malam hari, agar yang berdinas di malam hari seperti saya tidak mengalami kesulitan didalam bertransaksi, karena sudah beberapa SPBU di jawa timur, jika bertransaksi dimalam hari baik itu dari handheld saya ataupun handheld spbu selalu dan selalu tidak bisa digunakan, jadi akhirnya saya harus mengisi bbm secara manual dan ironinya saya tidak bisa mendapatkan ganti dari pemakaian bbm pada hari itu",0.0,0.75,Netral
TAMBAH RIBET KONT,-0.5,1.0,Negatif
Sangat bermanfaat deh aplikasinya bisa tuker point,0.39,0.0,Positif
Ga bisa register,0.0,0.0,Netral
Aplikasi cct. Tombol loginnya ga berfungsi. Ngabisin duit rakyat buat bikin aplikasi ga guna,0.0,0.0,Netral
Terlalu banyak aturan sedangkan bahan bakar semakin boros dari biasanya,0.25,0.4166666666666667,Positif
BUMN terbutuhkan dan tertolol. Screw you makan gaji buta developer idiot.,-0.65,0.7333333333333334,Negatif
Payah banget,-0.6999999999999998,0.6666666666666666,Negatif
awesome,1.0,1.0,Positif
"Error rate nya masih tinggi..!!! Pengalaman : 1. Pembayaran sukses di aplikasi tapi di mesin petugas sudah timeout. 2. Pembayaran gagal di aplikasi tapi saldo linkaja saya terpotong. Lucu, perusahaan besar seperti Pertamina mempunyai aplikasi yang stabilitasnya masih dipertanyakan. Harga semakin tinggi, antrian panjang semenjak penerapan subsidi, setidaknya meningkatkan kualitas di bagian yang lainnya.",-0.014821428571428564,0.49435714285714283,Negatif
"Very helpful, greatğŸ‘",0.2,0.3,Positif
Alhamdulillah sudah dari awal ada pakai mypertamina dan merasakan manfaatnya.,0.0,0.0,Netral
Memudahkan transaksi dan antrian saat beli bensin,0.0,0.0,Netral
"Sering banget tiba2 logout. Trus pas mau login lagi gak bisa. Udah di uninstal - instal lagi. Tetep aja gak bisa. Pemerintah kalo bikin peraturan coba di matangkan dulu sistemnya. Atau, minimal cari vendor aplikasi yg becus ngurus aplikasi. Dari awal diluncurkan kayaknya gak pernah beres ini aplikasi. Atau sistem pemerintahnya? Hmm.... Ntahlah~",0.037500000000000006,0.3833333333333333,Positif
Sering error sehingga menjadi tidak efektif diberbagai spbu ketika mau melakukan pembayaran. Bikin kecewa.,-0.375,0.625,Negatif
Claim Password not registered always. I fill correctly but still false. Bad app.,-0.5499999999999999,0.6333333333333333,Negatif
"Kedua kalinya di SPBU bayar pertamax pakai aplikasi ditolak. Harusnya karyawannya disosialisasi dulu, baru aplikasi disebarluaskan.",0.125,0.16666666666666666,Positif
"Mengapa skrg ketika mau ngisi bbm harus scan qrcode pembayaran terlebih dulu, jd sulit ketika akan mengisi full tank. Kita kan tdk bisa mengira2 isi penuhnya tangki saat pengisian bbm. Pengalaman sy di SPBU rest area bogor arah dari bogor ke jakarta.",0.11249999999999999,0.6083333333333334,Positif
"Pembayaran dengan MyPertamina tidak bisa digunakan karena setelah scan, selalu minta Pin dengan Captha, dan selalu dibalas Pin is not Valid. Sudah di trial berkali-kali tapi tetap tidak bisa. Padahal kan sudah login pakai Pin yang sama. Rada aneh ini aplikasi Sekarang mau beralih saja ke Shell/Vivo.",0.1625,0.21875,Positif
"Skrg jd gak pernah kepake soalnya spbu pasti blg gak bs pakai mypertamina, harus debit atau cash dgn alasan struk uda tercetak ğŸ¤”ğŸ¤”",-0.25,0.625,Negatif
Sangat buruk pelanyanannya. Call centre d hub lbh dr 10x tdk ada orang. Mempersulit untuk pembelian bensin yg notabene mobil diesel d aplikasi mobil bensin. Padahal blm pernah daftar sekalipun.,-0.3033333333333333,0.7888888888888889,Negatif
"Menu aplikasi terlalu ribet, kapasitas file untuk upload gambar terlalu kecil sehingga foto langsung dari kamera untuk stnk dan pkb menjadj kurang jelas. Untuk melakukan perbaikan status pendaftaran tidak dapat dilakukan karena memerlukan password klaim pengguna, sedangkan untuk pendaftaran yang belum berhasil tidak diberikan password klaim pengguna.",0.024999999999999994,0.6875,Positif
The worse app and Customer Service ever.,0.0,0.0,Netral
Useless...,-0.5,0.2,Negatif
Ribet banget,-0.65,1.0,Negatif
"Saat proses daftar switch aplikasi lain buat cari nomor rangka & mesin, padahal ya nggak lama2 amat deh buat cari nomor rangka, eh tiba2 ngulang dr awal lg donk formnya, feeling gk ada yg kepencet padahal",-0.05311355311355311,0.3644688644688645,Negatif
"Di perbaiki donk....masa mau cari pertamax turbo ga di tunjukin di pom mana, apa guna ini aplikasi cuma bikin berat memory doank",-0.1,0.75,Negatif
"Mari beralih ke Vivo, harga beda dikit tapi kualitas jauh lebih baik dan bisa bantu mengurangi beban pemerintah.",0.10416666666666667,0.5333333333333333,Positif
Product sampah,0.0,0.0,Netral
"Harus selalu login klo buka aplikasi hadehhh jaman skrg aplikasi kok dibikin ribet, aplikasi toko bayi clandys aja lebih gampang daripada ni aplikasi yg katanya perusahaan Fortune 500.. Udah kirim data verifikasi 1 bulan aja blum ada hasil gaji gede karyawan tapi tolol tolol sdm nya gini dah",-0.25,0.75,Negatif
Jelek,-0.6999999999999998,0.6666666666666666,Negatif
KUALITAS SAAANGAT BURUK,-0.9099999999999998,0.8666666666666667,Negatif
"Aplikasi bobrok, Tidak bisa verifikasi untuk daftar, kalo sistem belom siap tidak usah mempersulit rakyat untuk membeli lewat aplikasi,, Ditambah data plat nomer saya sudah ada yg daftar biosolar, padahal kendaraan isi bensin, tidak kompeten dalam menjaga privasi dataa, kacau , kalo bisa kasih bintang 1/2 aja jgn 1,",0.07,0.7333333333333333,Positif
Ruwet,-0.5,1.0,Negatif
"Aplikasi ini sangat rusak Dan membuat saya emosi, kalau memfoto sangat ribet.. kecewa saya...",-0.3,0.675,Negatif
Not Important apss.,-0.2,1.0,Negatif
"APLIKASI GAK GUNA.... MALAH BIKIN RIBET, ADA YANG SIMPLE KENAPA HARUS RIBET.....!!!!!!!!",-0.4125,0.5892857142857143,Negatif
aplikasi bangsad,0.0,0.0,Netral
Membantu,0.0,0.0,Netral
"Loadingny lama, bnyk spbu yg gak bsa pake ini app, jd gak guna gt app ny",0.225,0.45,Positif
"Ruwweeeeeeeeetttttt, upload foto gagal teruss..",-0.5,0.3,Negatif
saya tunggu email kode verifikasi tidak masuk-masuk,0.0,0.0,Netral
"Mendapat perlakuan tdk menyenangkan oleh operator pengisian roda4 di spbu 34.40102, padahal sy mau bayar pakai mypertamina tp ketika sy meminta QR utk di scan, operator tsb tdk menerima & malah marahÂ², katanya ""klo mau pakai mypertamina harus ngomong dari awal"" lah mana sy tau, mana posisi sy tdk ada tunai, bukannya sdh tugas operator utk melayani pembayaran QR ya? apalagi ini mau byr pakai app mypertamina loh. Menurut sy ini parah si!",-0.45624999999999993,0.6791666666666666,Negatif
App t*i. Rempong amat,0.2,0.3,Positif
bikin ngantri lama,0.1,0.2,Positif
Kurang responsif.,-0.16666666666666666,0.06666666666666667,Negatif
Ok,0.5,0.5,Positif
Sampah,0.0,0.0,Netral
Ribet kalau mau isi bensin,-0.5,1.0,Negatif
"Aplikasi belum siap louncing,",-0.1,0.5,Negatif
"ga bisa ngeclaim qr code karna password salahğŸ˜…, pdhl udh disetujui dan pasword sama aja padahal. mypertamina is big joke!!",-0.16666666666666666,0.375,Negatif
"Confusing, too much problem, can not connect to linkaja account, credit card link does not work. Required to check update, but just go to open app and check update, back and forth, no clear whether the app status is already update or not.",-0.03,0.2966666666666667,Negatif
kode uda bener tapi appsnya bilang salah jdi gimana om?,-0.10714285714285715,0.7178571428571429,Negatif
Sayang sekali saya harus memberi rating buruk karena app ini sering crash atau tiba2 log out. Belum lg ketika payment selalu invalid pin. Padahal saya masuknya dengan pin yang sama. Tolong di cek dulu app nya sebelum publish.. semoga tidak menjadi dosa developer atau creator krn telah menyulitkan orang lain. Aamiin.,-0.27499999999999997,0.548611111111111,Negatif
"Aplikasi tidak berguna, dipakai bayar pertamax malah not responding.",-0.5,0.2,Negatif
"dapet pengalaman yg sama sekali tdk menyenangkan, merchant rusak ngk boleh pake merchant di sebelah yg bisa harus scan sesuai di mana kita isi, ujung2nya dipaksa bayar cash. beneran sampah sistemnya",-0.22999999999999998,0.35,Negatif
"They think they smart, actually stupid and ugly",-0.42857142857142855,0.8809523809523809,Negatif
Sampah,0.0,0.0,Netral
Useless and worst application,-0.75,0.6,Negatif
Ok,0.5,0.5,Positif
Apa guna aplikasi ini sih? Bingung ane..,-0.4,0.7,Negatif
"Pengajuan ditolak karena data tidak sesuai dengan STNK. Setelah direvisi, ternyata tidak bisa diupdate, muterÂ² aja terus. Lewat website juga tidak bisa. Sudah coba berkaliÂ², sudah lewat seminggu, coba lagi, tetap gagal update data. Payah.",-0.23749999999999996,0.4291666666666666,Negatif
"Wis mundak, dibatasi, antri",-0.07142857142857142,0.14285714285714285,Negatif
"Sangat tidak intiutif, di nyatakan bahwa foto tidak jelas. Padahal mengambil foto dari aplikasi. Untuk skala perusahaan sebesar ini sangat di sayangkan bahwa kinerja apk seburuk ini",-0.09999999999999994,0.4222222222222222,Negatif
Saya mendukung program pemerintah klaim subsidi berbasis aplikasi. Tapi aplikasinya macem gini? Jadi problem dimana? Perlu saya bantu?,0.0,0.0,Netral
Katanya ga boleh main hp di pom?,0.0,0.0,Netral
"Tim verifnya gimana sih, baru aja tau klo plat nmr mobilku terdaftar pemakai subsidi solar padahal mobil bensin . Iseng cb dftr pake app ini ternyata pendaftarannya byk verif nya, tp kok y plat nmrnya bs dipake org lain? Antara tim verifnya g bener apa emang ada dimainkan??",0.125,0.2583333333333333,Positif
"Udah pake lama asik2 aja. Eh skrg diminta masukin captcha. 3 kali dicoba, bersama petugas spbu. Gagal terus. Akhirnya pembayaran diganti dgn tunai. Makin tahun makin buruk.",0.0,0.58,Netral
"Sudah daftar di web. Sudah dapat QR Code juga. Tapi ketika login di aplikasi ini, data kendaraan tidak ada. Lantas apa gunanya aplikasi ini? Coba pertamina jawab. Tksh.",0.0,0.0,Netral
"Bangkrut, aplikasi korban politik, rakyat Yang dibuat susah.",-0.25,0.55,Negatif
Tolong coba update dan perbaiki beberapa masalah teknis terutama saat generate QR code di mesin POS SPBUnya. Sering banget terkendala QR generate di mesin POS SPBU.,0.06666666666666667,0.46666666666666673,Positif
WOI BENERIN NAPA APLIKASINYA! UDH WAJIB PERTALITE PAKE APLIKASI TAPI BUTUT!,0.15625,1.0,Positif
Sangat whyyyy....,0.2,0.3,Positif
"Proses verifikasi lambat sekali,,,,,hrusnya sdh lbh canggih spy lbh cepat prosesnya. Rempong banget harus pake aplikasi seperti ini. ğŸ˜­ğŸ˜­",0.26199999999999996,0.544,Positif
Aplikasi sampah. Nyewa buzzer pula lagi untuk up rating. Sampah!!!,0.0,0.0,Netral
Gangguan troosss,0.0,0.0,Netral
Kaga bisa masuk oiiii. 2x regist sama ajee result nya,0.0,0.0,Netral
Gak simple sama sekali. RIBET,-0.25,0.6785714285714286,Negatif
Gak semua SPBU bs pake aplikasi ini. Alasannya error.,0.0,0.0,Netral
ribet,-0.5,1.0,Negatif
Ribettt.. Tiap mau dibuka logout sendirii app nya.. Hrs login lagi.. Di spbu jadi lama.. Blm kalo sinyalnya jelek..,-0.037500000000000006,0.725,Negatif
"Saya sudah memasukkan kode dengan benar, tapi katanya gagal, kode tidak valid. Aplikasi macam apa ini? Pertamina itu membantu atau mempersulit?",0.04999999999999999,0.6,Positif
bad,-0.6999999999999998,0.6666666666666666,Negatif
"Sudah register, diterima, eh sekarang data kendaraan malah hilang di aplikasi.",0.0,0.0,Netral
"sudah terverifikasi, giliran mau claim dianggap password salah mulu, bintang -1",-0.5,0.9,Negatif
tambah ribet ngisi bbm,-0.5,1.0,Negatif
Tolong jangan terlalu dipersulit untuk verifikasi. Semua sudah sesuai. Masih saja di tolak verifikasinya.,0.0,0.75,Netral
"We have to use mobile phone when we buy gas? on the other hand in every gas station there is a sign ""mobile phone is prohibited"" this is indonesia!!! Everything will be upside down",-0.19984809027777778,0.3319444444444445,Negatif
"ERROR TERUS SAAT MAU BAYAR. PIN SELALU DIBILANG SALAH PADAHAL SAYA BARU SAJA LOGIN MENGGUNAKAN PIN YANG SAMA. MALAH MENYUSAHKAN KETIKA BAYAR, BIKIN LAMA, BIKIN NGANTRI.",-0.18333333333333335,0.4749999999999999,Negatif
Bad aplication.,-0.6999999999999998,0.6666666666666666,Negatif
"Di saat yang lain meningkatkan customer experience. Pertamina go backwards, menyulitkan customer. Selesai isi bensin mau bayar pake MyPertamina, dibilangnya mestinya dari awal sebelum isi. Lah ditanya aja kagak. Terbutut Pertamina",-0.3125,0.6875,Negatif
"Daftarnya sangat membagongkan ,app yg useless . Masak verifikasi estimasi 14 hari kerja ğŸ—¿, Kalau Wong cilik kesulitan daftar ini App bro !.",0.14249999999999996,0.4900000000000001,Positif
Emang ga boleh dapet subsidi kita. Daftar aja ga bisa2. Aplikasi apa ini???,0.0,0.0,Netral
"Percuma pake aplikasi ini, di SPBU selalu saja gangguan dan tidak bisa pake aplikasi.. sekali bisa proses sampai 10 menit untuk pembayaran.. Setelah update aplikasi, semua poin dan history jadi menghilang. Jadi seperti baru lagi tanpa poin dan history.. ğŸ‘ğŸ‘ğŸ‘",-0.18181818181818182,0.32727272727272727,Negatif
Aplikasi payah.. Menyulitkan rakyat,-0.45,0.8,Negatif
"Programnya bagus cuman sayang untuk lokasi di kota jember jelek yang saya sesali ini dalam 2 minggu ini isi bensin pk my pertamina, jawabannya rusak terus n posisi saya ga bawa uang tunai sehingga kembali.. Mohon untuk segera d bantu karena di app ga bisa komplain Terima kasih",0.3,0.4666666666666666,Positif
Aplikasi hack user wkwkekek,0.0,0.0,Netral
Bikin hidup susah,-0.5,1.0,Negatif
Aplikasi terburuk yg pernah ada,-1.0,1.0,Negatif
Payah BANGET!! GA BERGUNA!! DIMANAÂ² POM SELALU GANGGUAN JARINGAN!! APLIKASI PEMERINTAH TAPI MALAH GA BERFUNGSI!!!!,0.0,0.3333333333333333,Netral
Kagak kerja kali ya. Lama prosesnya,-0.05,0.4,Negatif
"Kualitas bbm di turunin harga di naikin. Pertamax ngga ngejoss kyk dulu lagi. Apalagi pertalite ya, kyk ngisi air kyknya.",0.4,0.9,Positif
Useless app NIK DAN PLAT TIDAK.DITEMUKAN ... G****0****BL***0***G LAH...,-0.5,0.2,Negatif
Mungkin yg kasih bintang 5 masih orang internal pertamina,0.25,0.3,Positif
Sesuai janji bintang naik... Setelah saya sudah bisa login kembali.,0.55,0.7875,Positif
Aplikasi yg sangat menyulitkan dan penggunaan nya tidak friendly user.,-0.41875,0.75,Negatif
Jelek,-0.6999999999999998,0.6666666666666666,Negatif
kode verifikasi sama persis dengan email terdaftar tapi dibilang failed sama aplikasi. dodol,-0.26249999999999996,0.41875,Negatif
Can't logins after registration. What the heck the apps already launced for months,0.0,0.0,Netral
"Aplikasi masih belum stabil.. tidak bisa masukkan data kendaraan, sementara kendaraan sudah terdaftar, dan mendapat qr code.",0.0,0.0,Netral
Antri 1 jam malah gak terima non tunai,0.0,0.0,Netral
Why forcing people when the apps not even ready? It just bugs all around. Fix your apps first so people can use it. After you fixed it you can force people to use it,0.225,0.41666666666666663,Positif
Gak bagus..,-0.35,0.6000000000000001,Negatif
Pertahun Minyak Naik,0.0,0.0,Netral
bad,-0.6999999999999998,0.6666666666666666,Negatif
"KALAU EMANG BELI BENSIN MUSTI DAFTAR SETIDAKNYA VERIFNYA GA 2 MINGGU JUGA KALI, EMANG GA BUTUH BELI BENSIN? SAYA EMG BUKAN PENGGUNA PERTAMAX, JANGAN SEMUA DIRATAKAN HARUS PERTAMAX OIIII",-0.04999999999999999,0.30000000000000004,Negatif
"Aplikasinya mungkin cukup bagus, tp tidak membantu mempermudah, yg ada malah menambah antrian panjang di SPBU, harusnya pertamia mempersiapkan alat yg mudah digunakan dengan koneksi internet yg cepat agar lebih mempermudah operator SPBU",0.25555555555555554,0.4777777777777778,Positif
"Gak guna, sulit pemakaian",-0.5,1.0,Negatif
"Ga jelas, masa verifikasi data lebih dari seminggu",0.5,0.5,Positif
babi lah daftar 3 minggu gak ada kejelasan celeng,0.0,0.0,Netral
kardus di gembok!,0.0,0.0,Netral
"SETELAH UPDATE APPS, MALAH JADI GABSA DIPAKAI !!! DIBAGIAN PAYMENT, SAAT PAYMENT PAKAI LINK AJA, SCAN BARCODE MASUKIN NO PIN, MALAH MUNCUL SALAH PIN & CAPTCHA. SY MASUKAN NOMOR CAPTHA & PIN YV BENAR, MUNCUL POP UP TRANSAKSI GAGAL !! DI APPS SEBELUM UPDATE INI, TDK ADA CAPTHCA, SDH MASUKAN PIN TRX SELESAI. TOLONG SEGERA DIPERBAIKI !!!",-0.29296875,0.65,Negatif
DAFTAR AKUN 'SUBSIDI TEPAT' AJA GA BISA! TEKAN SELANJUTNYA BERKALI2 TETAP GA RESPON! TOLONG PERBAIKI!,0.37946428571428575,0.3452380952380952,Positif
"UI mu burik! gue bisa bikin yg lebih bagus, banyak yg rancu ğŸ¤ŒğŸ¾ğŸ˜‚",0.5,0.5,Positif
Metode paymentnya jgn sama link aja doang dong. Susah buat access dan error mulu,-0.013888888888888895,0.3333333333333333,Negatif
Payment failed terus,-0.5,0.3,Negatif
"Daftar subsidi pertamina udah 2 bulan masih belum dapat QR. Bolak balik nanya jawabannya suruh nunggu terus. Kalau memang ada yang salah atau kurang, langsung info aja tiap login atau via email. Jangan suruh nunggu tanpa kejelasan.",0.059999999999999984,0.425,Positif
Pretty much,0.225,0.6,Positif
Buat susah kode verifikasi nya di krm bruntun gak bisa login...,-0.5,1.0,Negatif
mempersulit dan aturan yang amburadul,0.0,0.0,Netral
Gak pernah dapet poin. Trs buat apa ada sistem poin,0.0,0.0,Netral
"UI jelek, UX parah, ribet dan tidak friendly",-0.34375,0.75,Negatif
"Bisa membantu memantau pengeluaran BBM, tp pembayaran sering eror dengan alasan mesinnya disconnected padahal di SPBU kode 41. Belum pengalaman buruk ga bawa cash dan hanya punya saldo di my pertamina, alhasil ninggal motor jalan kaki ke ATM karena ga bawa cash :') Kan sedih ya gaes yak. Aplikasinya sudah siap, SPBU nya sama sekali ga siap jadinya kaget :( bikin trauma pake aplikasi ini",-0.25,0.7952380952380952,Negatif
Ga bisa transaksi.. Captcha error mulu.. Benerin lah..,0.2857142857142857,0.5357142857142857,Positif
Kualitas app sangat buruk,-0.9099999999999998,0.8666666666666667,Negatif
Ga jelas,-0.05000000000000001,0.3833333333333333,Negatif
"bolak balik registrasi, tetep ga bisa masuk ga bs log in.. anehh!!!",-0.48828125,0.5,Negatif
Beban negara ğŸ—¿â˜,0.0,0.0,Netral
Cuman buat emosi,0.0,0.0,Netral
"Bikin rakyat tambah susah aja, birokrasi berbelit2, mobil xenia masak gbs isi prtalite.... bisa2nya harus isi solar.... parah pokoknya, verifikasi dah sminggu lbih gda perkembangan",0.08,0.78,Positif
"useless. Belagak digital, eh nyusahin. blokk",-0.16666666666666666,0.10000000000000002,Negatif
Harga bbm udah naik ngapain masih pake aplikasi,0.0,0.0,Netral
Perusahaan migas kok jual aplikasi blog!!!,0.0,0.0,Netral
"Aplikasi Dafuk!! Berkali2 reset password, selalu notif yg muncul ""Password tidak sesuai"". All CS NO RESPONS AND ALWAYS NEVER RESPON OUR COMPLAIN!!!! SO, DON'T FORCE US TO USE THIS APP BEFORE ALL OF YOU CLEAR THIS BUG!!",0.05208333333333334,0.4611111111111111,Positif
"Take down it,aplikasi sampah.. sudah registrasi smp 4x untuk subsidi selalu ditolak dikarenakan foto stnk yg katanya tidak jelas. Padahal sudah jelas terbaca semua yang dibutuhkan.busuk!!",-0.027777777777777783,0.33611111111111114,Negatif
Difficult to use due to lack of capabilities.,-0.125,0.375,Negatif
"Untuk aplikasi sekelas milik BUMN, verifikasi 2 minggu terlalu lama, masih kalah dgn aplikasi pinjol2 ilegal yg cm butuh 24jam saja.",-0.18333333333333335,0.6333333333333333,Negatif
Aplikasi yang tidak didukung kapabilitas admin dan SDM yg memadai. Nggak heran banyak laporan eror melulu. Ampun dah,0.41666666666666663,0.41666666666666663,Positif
Bukanya memudahkan ini malah menyusahkan bukanya bikin cepet tapi malah bikil lelet payah,0.1,0.5,Positif
Verry bad....,-0.6999999999999998,0.6666666666666666,Negatif
"yah, ga bisa support semua spbu Pertamina",0.0,0.0,Netral
App bikin ribet,-0.5,1.0,Negatif
Belum pernah daftar tapi begitu mendaftar dibilang sudah pernah daftar. Giliran coba masukin pin dibilang suruh daftar dulu ... engga jelas,0.09999999999999999,0.3583333333333333,Positif
"Pertama kali pake ini berhasil, tapi kemarin 1x sempet dari server pertamina pas di SPBU nya gak bisa jadi harus pake pembayaran lain. Tadi juga udah berhasil di app saya, tapi belum masuk di mesin edc di SPBU. Mungkin bisa diperbaiki lagi servernya dan di fasilitasi sarana internet yang memadai di setiap SPBU yang bisa pake my pertamina, jadi transaksinya tidak menghambat pemilik kendaraan yang lain.",0.2761904761904762,0.5023809523809525,Positif
Eror. Kupon hilang semua jadi 0. Yang di spbu jg keseringan erornya,-0.2,0.05,Negatif
Kode verifikasi mana sih yg baru masuk 2 hari,0.0,0.0,Netral
Tiap mau transakai sering gangguan,0.0,0.0,Netral
Gak guna,-0.5,0.2,Negatif
Ribet banget pendaftarannya..,-0.5,1.0,Negatif
"Seperti biasa aplikasi pemerintah lambat & banyak masalah. Input no. Rangka autoclear jika diisi stengah lalu multitask, input NIK pengguna kendaraan ke 2 tidak bisa input NIK, OTP melalui email pada saat login tidak masuk2 dan tidak ada fitur re-send. Diminta foto No. Pol & jumlah roda, tapi cuma bisa masukin 1 foto, alhasil mobil saya balik macem hotwheels biar keliatan. Oh ga lupa juga pendaftaran gagal walau sudah sesuai, jadi main hotwheels lagi deh pake mobil beneran. -100/5",0.03833333333333334,0.43166666666666653,Positif
", tolong dong pertamina aplikasinya masukin kode subsidi sesuai yg di email kok g bisa di claim , sungguh membantu sekali padahal memenuhi syarat buat menerima subsidi #mobil 1300cc",0.2,0.2,Positif
"Minimal klo bensin naik, ngisinya ga pake ribet boss!",-0.4625,0.7,Negatif
"Plat nomor saya telah terdaftar menggunakan biosolar, padahal mobilnya lcgc menengah yang jelasÂ² butuh pertalite.",0.10000000000000002,0.3833333333333333,Positif
wasting time,0.0,0.0,Netral
Login trouble trs. Permintaan verifikasi (hanya) untuk login dr email lamaaaa.. Tlg diperbaiki,0.0,0.39999999999999997,Netral
"Banyak gaya nyuruh (baca:maksa) orang pakai app ini. Gitu mau dipake, eh, ngadat servernya (kata petugas SPBU-nya). Ini bukan sekali-dua kali aja, tp sering. Mending beresin dulu internalnya sblm sok2an maksa2 orang banyak pake app-nya.",0.25952380952380955,0.46190476190476193,Positif
Aplikasi belum layak kok sudah di launching,0.3,0.1,Positif
Saldo linkaja sudah terupdate di mypertamina. Thx,0.0,0.0,Netral
"Jelek, appnya susah gajelas",-0.6,1.0,Negatif
JAN RIBET NAPA LU,-0.5,1.0,Negatif
"Tidak bisa mendaftar. Kalau aplikasi belum optimal mending optimalin aja dulu dah sebelum ngelakuin kebijakan harus makai my pertamina. jangan atur kebijakan pas aplikasi masih baru bisa nampung tidak terlalu banyak. kan tau pengguna bbm banyak, alasan gak bisa masuk karena pendaftar banyak. lah dikira yang gunain bbm dikit apa.",0.2331439393939394,0.41464646464646465,Positif
Aplikasi ruwetttttt buat cek hasil daftar subsidi aja makin susah karena kode verifikasi yg masuknya entah kapan ke email,0.0,0.75,Netral
Terlalu susah untuk yg bukan insan IT. Harus bolak balik belasan kali baru beehasil.,-0.25,0.5,Negatif
"Aplikasi nyusahun rakyat!!! Masih rusak dan sering crash, benerin dulu sebelum nyusahin rakyat!!!!!!",0.95367431640625,0.3333333333333333,Positif
"Ga bisa dipakai seminggu ini, gagal transaksi mulu.",-0.5,0.3,Negatif
"nunggu diapprove 2 minggu. sudah diapprove, mau ambil QRnya password selalu tidak sesuai. sialan sengaja apa gimana nih ? password udah bener kok disalah salahin.",-0.375,0.7,Negatif
gg,0.0,0.0,Netral
"Aplikasi paling ga guna, nyari info apa2 gakada, mau komplain harus melalui email dan telfon, emangnya tahun 2010?",0.0,0.35,Netral
Jelek sekali. Isi data sudah lengkap tapi di submit tidak bisa dengan keterangan diminta isi semuda data terlebih dahulu. Aplikasi error koq ga ada perbaikan.,-0.11666666666666665,0.5777777777777777,Negatif
Can't use this application properly. They're not provide some vehicle brands in the list and too difficult to make payment.,-0.25,0.55,Negatif
verifikasinya perlu waktu lama. verifikasi email juga ga jelas. udah diketik sesuai kode verifikasi masih salah. pengen ngasih bintang 0 tapi ga bsa,-0.275,0.65,Negatif
menyulitkan orang,-0.5,1.0,Negatif
No words needed. ğŸ¤¦,0.0,0.0,Netral
banyak elornya ying,0.5,0.5,Positif
Bikin repot aja,0.0,0.0,Netral
Aplikasi super ribet... Emboh...,-0.08333333333333334,0.8333333333333333,Negatif
"Registrasi berhasil. Saldo Link Aja sudah sesuai. Belum dicoba transaksi. Sementara 4 bintang dulu. Jika nanti transaksi Link Aja lancar, kasih 5 bintang dah! semoga semua user segera bisa berhasil menggunakan aplikasi ini.",0.4583333333333333,0.5388888888888889,Positif
Registrasi lama banget... ini produk pemerintah ğŸ˜‚ğŸ˜‚ğŸ˜‚ğŸ˜‚ğŸ˜ªğŸ˜ªğŸ˜ª harus berbenah sampe sekarang belum selesai registrasi.... pait pait,0.15083333333333335,0.6100000000000001,Positif
Kode verifikasi salah terus,0.0,0.0,Netral
call center pertamina kok bayar 25rb habis cuma buat nunggu antrian call,-0.1,0.1,Negatif
"Mau buka subsidi tepatnya tidak mau masuk, sudah di masukan kode yang dikirim ke email tetap tidak bisa, aplikasi BUMN kok bobrok",-0.1,0.65,Negatif
"Gila ya, belon daftar koq di Pom bensin udh terdaftar, udh gitu BIO SOLAR lagi, padahal mobil saya Karimun Kotak? Mesinnya bensin , koq bisa tiba2 BIO SOLAR wah kacau nih, siapa yg bikin pake Plat nomer mobil saya, trus ngurusnya dimana GAK JELAS BANGET",-0.1346153846153846,0.6737179487179487,Negatif
Verifikasinya gimana sih? Sudah diisi sesuai kode yg dikirim lewat email kenapa gagal terus??,-0.04999999999999999,0.6,Negatif
"Data mobil solar, padahal mobil sy premium",0.0,0.0,Netral
Dipaksa donlod pdhal data base lg di hack BJORKA. nasibbbbb....,-0.55,0.6,Negatif
saya iku kasih bintang satu karena tidak terlalu bermanfaat.,0.19230769230769232,0.3,Positif
The worst app,-1.0,1.0,Negatif
"Ribet banget mau ndaftarin bapak yg supir angkot buat dapet subsidi pertalite aja susah bgt ndaftarnya, verifikasinya juga lambat, aplikasi bumn kok ecek ecek, so lame",-0.4354166666666667,0.6729166666666666,Negatif
Aplikasi ga guna,0.0,0.0,Netral
PEMAKSAAN!!!,0.0,0.0,Netral
selalu aja kalau app bumn selalu jelek kualitasnya,-0.6999999999999998,0.6666666666666666,Negatif
"HALAH TAKUT DI HACK BJORKA MALAH BIKIN RIBET PENGGUNA, SURUH VERIVIKASI 1 JAM GA KELUAR KELUAR KODE NYA, REGIST GA BERES BERES RIBET TOD!!!!",-0.525,0.75,Negatif
"Di SPBU dilarang main HP, nah ini disuruh pake HP Gimana toh??",0.0,0.0,Netral
Mobil pertalite ke baca di edc spbu bio solar,0.0,0.0,Netral
Saldo Linkaja sudah sesuai,0.5,0.5,Positif
Garbage apps,0.0,0.0,Netral
"Tidak dapat login ke subsiditepat karena kode verifikasi selalu gagal, padahal sudah diinput dengan benar sesuai kode yang didapat di email.",-0.5,0.3,Negatif
"Gak bisa login 6x di coba, di kirim kode login verifikasi ke email di masukkan ke aplikasi dan website gagal terus, di anggap kode verifikasi tidak sesuai",-0.375,0.4,Negatif
Useless app,-0.5,0.2,Negatif
Kualitas aplikasi mencerminkan perusahaan,0.0,0.0,Netral
MENYUSAHKAN RAKYAT. BBM MASIH JUGA LANGKA. KATANYA KARNA HARGA MINYAK DUNIA MAHAL. UDAH NAEKIN HARGA BUAT BELI MINYAK DUNIA TAPI MASIH LANGKA.,0.033333333333333326,0.8333333333333334,Positif
Sering bermasalah (offline) diSPBU,0.0,0.0,Netral
"Please google delete this app. ribet , klo naik ya naik aja gk usah pake aplikasi",-0.5,1.0,Negatif
"Password klaim selalu salah, padahal sudah benar...sudah dicoba lupa password dan ganti dengan yg baru, pas selesai mau coba masuk masih dibilang salah, hadehhh...tolong dibenerin dl nih aplikasinya, untuk sekelas mypertamina kok ga beres gini",-0.1312987012987013,0.688051948051948,Negatif
merepotkan,0.0,0.0,Netral
Keren beut,0.35,0.65,Positif
"aplikasi gak siap publish malah di publish, ini yang buat sekelas anak SD",0.09999999999999999,0.7,Positif
"Terlalu ribet, mau daftar subsidi aja malah dialihkan ke url website & loginnya mesti pake nik lagi. Padahal di aplikasi sudah login. Kayaknya aplikasi ini belum siap utk dipublish. Harusnya bikin aplikasi itu yang user friendly, bukan sebaliknya.",-0.075,0.6666666666666666,Negatif
Email OTP 6 digit verifikasi login sangattt lama mulai dari 10 menit sampai 1 hari baru masuk emailnya..,-0.0325,0.31,Negatif
Aplikasi tiada guna,0.0,0.0,Netral
Aplikasi banyak error. Sampaikan keluhan via email tidak ada penyelesaian.,0.5,0.5,Positif
Tipis...,-0.4,0.8500000000000001,Negatif
"Aplikasi tidak berguna,malah menyusahkan rakyat",-0.5,0.2,Negatif
"I've tried twice to buy BBM through this application, but it keeps failing. Too much authentication, even though it is already connected to LinkAja which has PIN security.",0.2,0.2,Positif
Kode verifikasi login bener tapi tetep gagal.. aneh tp nyata,-0.11666666666666668,0.25,Negatif
Instruction not clear. They stop the registration.,-0.05000000000000001,0.3833333333333333,Negatif
"Kalo bs kasih nol, bakal dikasih nol ckckck",0.0,0.0,Netral
"Ga jelas ni aplikasi, sudah coba di tolak tanpa penjelasan",-0.05000000000000001,0.3833333333333333,Negatif
Kode Verifikasi login gagal terus. Padahal sudah sesuai.,0.0,0.4,Netral
the best,1.0,0.3,Positif
otp ga masuk2 udh nyoba 10 kali tetep gabisa,0.0,0.0,Netral
Tidak membantu sama sekali,0.0,0.0,Netral
APPS GA GUNA. VERIFIKASI LAMA PADAHAL UDAH DAFTAR TAPI DINYATAKAN NIK DAN NOPOL TIDAK TERDAFTAR. MOBIL SOLAR TAPI DI POM DINYATAKAN PERTALITE PENGELOLAAN DATA GA BECUS UDAH DIPAKSA SURUH PAKE. BOBROK !!!,-0.2619791666666667,0.20000000000000004,Negatif
"Pelayanan nya Makin lambat semenjak ada aturan baru,, falitas kompresor tambah angin banyak yang rusak",0.13636363636363635,0.45454545454545453,Positif
Aplikasi yang sangat tidak bermanfaat,-0.65,0.26,Negatif
"Semula ada keterangan sisa kuota harian bbm Solar, tapi kemudian hilang tidak ada lagi keterangan. Sepertinya ada kesengajaan dihilangkan agar user tidak dapat memonitor sisa kuota harian nya dan rawan penyalahgunaan yang tidak dapat termonitor oleh user.",0.08333333333333333,0.1111111111111111,Positif
"Tolong bantu cek verifikasi subsidi , lama banget soalnya , tolong kasih informasi biar tau .",-0.05,0.4,Negatif
Saya tidak bisa menghubungkan aplikasi ini dengan link aja sedangkan pembayaran dengan link aja..,0.0,0.0,Netral
Aneh,-0.05,0.15,Negatif
"Gagal terus verifikasi, ayolah jangan kalah sama aplikasi pinjaman online.",0.0,0.0,Netral
"Too many bug in apps, not ready to release yet but its imposing to go live, very bad apps",0.2,0.5,Positif
Gagal transaksi,-0.5,0.29999999999999993,Negatif
gak guna,-0.5,0.2,Negatif
Kita hanya bisa bersabar menghadapi manusia2 tidak berkompeten dibidangnya,-0.125,0.8333333333333333,Negatif
Ketika create password boleh pake tanda petik `. Giliran login gk bisa ketik tanda itu. Giliran atur ulang password loading terus gk beres2. Mohon diperbaiki.,0.0,0.0,Netral
"RIBEDDDDD NYUSAHIN RAKYATT!!!! MAU REGISTER MALAH NIK DAN PASSWORD SALAH,, DAFTAR AJA BELUM PERNAH GIMANA SALAH?!",-0.5625,0.9,Negatif
APK PEMERINTAH EMANG GAK PERNAH ADA YG BENER,-0.14285714285714285,0.5357142857142857,Negatif
Aplikasi kalera.. paniang wak..,0.0,0.0,Netral
Ribettt coy... Dah seminggu lbh blm sukses verifikasi.... Apa2an ni layanan,0.625,0.725,Positif
ribet babgsat,-0.5,1.0,Negatif
"Semoga orang"" dibalik pembuat kebijakan yg menyusahkan banyak orang diberi kesadaran oleh Tuhan Yang Maha Esa baik dengan cara halus maupun cara extreme brutal.",-0.24666666666666667,0.74,Negatif
Tidak bisa registrasi Selalu crash,0.0,0.0,Netral
Ribet,-0.5,1.0,Negatif
"Tolong dimatangkan dulu programnya, pikirkan kendaraan instansi pendidikan yang tidak bisa diatas namakan personal, terus harus registrasi dengan apa... Ya.",0.12,0.21666666666666665,Positif
Error appnya,0.0,0.0,Netral
Ga ada menu subsidi tepat,-0.14285714285714285,0.5357142857142857,Negatif
Nyusahin woy jaing. Ga becus,-0.5,1.0,Negatif
App gblk,0.0,0.0,Netral
"Apa sih update terbaru dari pertamina mau isi sampai ""sensor"" pertamax harus bayar dulu ? lah mau ngisi harus ngitung2 tank muat berapa liter ? mau gampang malah di bikin ribet !",0.21166666666666667,0.7133333333333334,Positif
Crash mulu setiap upload foto STNK,0.0,0.0,Netral
Terlalu ribet. Jauh lebih nyaman pelayanan spbu sebelah warna kuning,0.08,0.45999999999999996,Positif
Aplikasi jelek banget,-0.9099999999999999,1.0,Negatif
"Nomer saya pernah dipake orang dan tembus, padahal OTP hanya lewat sms ke HP saya, kok bisa-bisanya tembus dan terisi data orang. Alangkah busuknya aplikasi ini untuk menaikan rate. Semua jelek...",-0.09999999999999998,0.9666666666666667,Negatif
"Ini apps punya BUMN loh, ayolah bug-nya diperbaiki. Gausah sok2an suruh pake aplikasi kalo apps-nya masih eror mulu.",0.1,0.2,Positif
Tidak bisa menghubungkan ke linkaja,0.0,0.0,Netral
Heran. Ga bisa login. Ga ada action di tap Masuk juga. Payah2,-0.37499999999999994,0.3833333333333333,Negatif
Pembelian gas online di aplikasi my pertamina kyk nya cuma buat gaya doank...mau transaksi dan hubungi penjual aja gak bisa..ğŸ˜¡ğŸ˜¡ğŸ˜¡ğŸ˜¡ğŸ˜¡ğŸ˜¡,0.0,0.0,Netral
"Tidak bisa ngecek kuota subsidi, rawan dipakai orang lain/oknum orang dalam",-0.125,0.375,Negatif
ruwet,-0.5,1.0,Negatif
Nda bisa registrasi.,0.0,0.0,Netral
"Kalo mau tepat sasaran tuh dari spbunya yang tegas bukan pake aplikasi ,tar ujungÂ² nya data bocor halaah klasik",0.042857142857142844,0.46785714285714286,Positif
"Ga bisa rubah nomor telepon, Bot Nadia ga guna, metode pembayaran menggunakan linkaja ga bisa di rubah.",-0.15,0.0,Negatif
Aplikasi sampah,0.0,0.0,Netral
Ok,0.5,0.5,Positif
error terus..udh diisi lengkap padahal..,0.25,0.65,Positif
Gg bisa masuk ! / can't log in !,0.0,0.0,Netral
tidak berguna,-0.5,0.2,Negatif
Susah banget otpnya,-0.2916666666666667,0.5416666666666666,Negatif
Bukan sebuah solusi,0.0,0.0,Netral
"Aplikasi membagongkan verifikasi ga beres ,mau di edit ga bisa",-0.14285714285714285,0.5357142857142857,Negatif
SEMOGA TIM DEVELOPER NYA KENA AZAB!,0.0,0.0,Netral
"Lebih baik lagi user bisa diberikan inputan untuk bisa memasukan km yg ada di spedometer, sehingga bisa keluar rata-rata pemakaian bbm per kilometer.. Semoga kedepannya lebih baik lagi Pertamina...",0.27,0.43,Positif
IDIOT!,-1.0,0.8,Negatif
useless.. when we had a bad signal or low bat.. we cant fill our tank,-0.3999999999999999,0.3888888888888889,Negatif
apakah selamanya politik itu kejam,-1.0,1.0,Negatif
Ini game verifikasi?,-0.4,0.4,Negatif
"Halo mas mba, itu poin bisa didapat darimana ya? Kok saya sudah isi bensin sampai hampir 100 liter, poin masih 0 aja ğŸ˜…",0.4,0.9,Positif
"Aplikasi buruk, tidak user friendly, penggunaan sulit karena harus mengisi data terus menerus.",-0.17500000000000002,0.7000000000000001,Negatif
ui ux buruk,-0.6999999999999998,0.6666666666666666,Negatif
Sejauh ini aplikasinya tidak ada gunanya. Saya mau download karena disuruh bapakğŸ™,0.1,1.0,Positif
Aplikasi yang bakal bikin rakyat tambah susah dan ribet aja..,-0.16666666666666666,0.8333333333333334,Negatif
Aplikasi gk guna setelah peduli lindungi,0.0,0.0,Netral
Aplikasi penyusah rakyat,0.0,0.0,Netral
You must learn from gojek application for integration,0.0,0.0,Netral
"Kata Jokowi, Negara ini Kebanyakan Aturan... Ruwet.. Ruwet... Ruwet..",-0.25,0.875,Negatif
"Kalau blm siap u/ pakai apk jgn suruh seluruh indonesia pake donk. Jd bikin ribet aja tp respon cust service aja lama nya minta ampun. 2minggu pelayanan gangguan aja no respon. Mu beli bensin susah amat sih. Duh ampun. Ganti pasword aja 2 hr sampai hr ini ga ada respon. Bnrin dl sistemnya pak, bu. Masa iya ada komplen udh tlp msh hrs email dan direspon 2 minggu. Buat apa ada cust service 135. Ya oloh",-0.1285714285714286,0.5607142857142857,Negatif
Jelek,-0.6999999999999998,0.6666666666666666,Negatif
Kalo sampe data kami bocor siapa yg tanggungjawab ya #bjorka,0.2,0.55,Positif
"the application need to fix cause i cant put my real email, now i cant get my barcode for refill and when i exchanged my car number, my email changed by itself. and also the customer services 0/10 no one helped solve the problem",0.2,0.30000000000000004,Positif
"Belum optimal aplikasinya, tolong berbenah dan diuji dengan seksama sebelum nantinya digunakan masyarakat luas",0.13333333333333336,0.8500000000000001,Positif
Upload foto ktp gak bisa. Padahal ambil foto langsung dari aplikasi. Aplikasi kok malah nyusahin. Kalo bisa tak kasi bintang nol,-0.2,0.7,Negatif
"I can't change my email, always error when perform update email.",0.0,0.0,Netral
"aplikasi busuk!! register gagal, login lemot setengah mati. ini maunya apa?",-0.2888888888888889,0.2888888888888889,Negatif
"Honestly, I still don't understand why should I download this app when this app can't be used for registering to get the QR code ğŸ¥´ I have to register through website that crashes often, then I have to use this app for later use... Such a waste of time ğŸ˜‚",0.09999999999999999,0.35,Positif
"Setiap upload dokumen, selalu keluar aplikasi..",0.0,0.0,Netral
"Semua menajdi ribet/susah Saat pengisian.harga BBM terlalu Mahal bagi orang yg kurng mampu, untuk kerja sehari"" dengan Cara berjualan keliling..",-0.15,0.55,Negatif
Difficult to register,0.0,0.0,Netral
"Benar2 tidak ada gunanya, hanya digunakan untuk kewajiban ngisi bensin",-0.25,0.6,Negatif
"Registrasi more than 20x masih ga berhasil juga. Benerin dulu lah aplikasinya, udah campain buat download app tapi pas dipake kualitas kentang",0.3333333333333333,0.38888888888888884,Positif
menyusahkan rakyat,0.0,0.0,Netral
Mudah digunakan...interface friendly...ikuti aja petunjuknya dan terutama SABAR...good luck Pertamina,0.3770833333333333,0.7333333333333334,Positif
"Aplikasi sampah, bahkan pemilik aplikasinya pun gak ada yg menanggapi komentar dari pengguna!",0.0,0.0,Netral
"The worst apps ever, aplikasi ampas setiap aplikasi buatan pemerintah pasti ga pernah benar payahh",-0.32500000000000007,0.8333333333333333,Negatif
Terlalu banyak butuh perizinan. Segera hapus akun anda sebulum data pribadi anda jatuh ke tangan Bjorka.,0.16666666666666666,0.3666666666666667,Positif
Ati ati diserang bjorka,0.0,0.0,Netral
ampas,0.0,0.0,Netral
Useless app,-0.5,0.2,Negatif
"Aje gile, merk Proton gak ada, yg buat apss kurang piknik",-0.16666666666666666,0.06666666666666667,Negatif
"aplikasi sampah, sudah terdaftar di web subsidi tepat, tapi nik tidak terbaca di aplikasi",0.2857142857142857,0.5357142857142857,Positif
"ApaÂ² NIK gile ga kapokÂ²... Lagian kan registrasi SIMCARD kan wajib pake nik KK, kenapa ga cukup pendaftaran melalu no telpon aja sih...!",0.0,0.5,Netral
Sampai hari ini 10/9/2022. Pom bensin pertamina yg gede di tanah abang. Masih nga bisa isi full tank. Kl pakai my pertamina mesti nga fulll. Lucu lucu aja.,0.24,0.64,Positif
Ribet,-0.5,1.0,Negatif
"Lama nunggu code QR, katanya 7 hari ini udah lebih, kalau nggak sanggup gak usah keneh"".",0.225,0.45,Positif
aplikasi belum 100% udah di release. dipencet aja banyak yang fail semua fail apa apaan mempersulit rakyat niatnya pengen maju tapi gatau caranya,-0.16666666666666666,0.6,Negatif
"APLIKASI GA BERES DI PAKSAIN WAJIB PAKAI , PEMERINTAH KOK GA BECUS !!!!!",-0.9155273437500001,0.2,Negatif
aplikasi yg terlalu di paksakan utk membuat yg mudah jadi ribet,-0.12222222222222223,0.6777777777777777,Negatif
"Kesan pembuatan asal2, informasi tidak up date apalagi sekelas BUMN",0.0,0.0,Netral
Aplikasi tolol!!!!!,-1.0,1.0,Negatif
excellent perfect,1.0,1.0,Positif
"Low respond for call center, bad information share, the app not unrelated with the website and when they sent an email for verification because the data not same with what they want, we must change the whole data including NIK and password. Think about it.",-0.11999999999999997,0.31833333333333336,Negatif
"Pake data pribadi lengkap banget, apa jaminan data aman? Makin ribettt n mempersulit aja. Kenapa sih gak dibikin simple aja? Bisa kan gak perlu pake aplikasi asal kedisiplinan kinerja lapangan gimana mengaplikasikan kebijakan pemerintah tanpa data2 pribadi?????????????",0.06875,0.46964285714285714,Positif
tdk tepat guna.,0.0,0.0,Netral
"Tolong ketika memasukan pin link aja ketika pembayaran, keyboardnya diubah ke angka jangan keyboard standard. Solusi untuk detail kecil ini akan membuat saya kasih bintang 4",0.08333333333333333,0.3333333333333333,Positif
"Sudah registrasi, pass nya dipake login ga bisa, komplain ga di respon,sangat payah",-0.6049999999999999,0.5333333333333333,Negatif
Ribet lah....,-0.5,1.0,Negatif
"Ga sesuai kebutuhan user, mempersulit user",0.0,0.0,Netral
Tidak bisa edit email. Tolong di update apps nya,0.0,0.0,Netral
"angka plat nomor ga bisa di ubah, live chat ga jelas",0.04318181818181817,0.44166666666666665,Positif
"Premium dihapus, subsidi ditarik.",0.0,0.0,Netral
Plat nomoe didaftar oleh orang tak dikenal. CS 135 tidak nyambung,-0.1,0.6,Negatif
"Udah wajib pakai suruh update2 pula, nyusahin",0.0,0.0,Netral
Daftar gak bisa2,0.0,0.0,Netral
Bagaimana dgn masyarakat yg tdk mmiliki android? Atau kuotanya habis? Atau hp nya tertinggal?,-0.2,0.35,Negatif
Sudah register tapi kok gk bisa masuk ya,0.0,0.0,Netral
OMG NEVER USE OMG,0.0,0.0,Netral
"Aplikasi yang membung buang waktu untuk pekerja, kalau belum siap jangan rilis dulu !",-0.125,0.5,Negatif
"Ada aja alasan jaringan bermasalah, tpi kl pertamax bisa pak. Om Tante.. mobil saya LCGC yg minum teh tawar..",0.3,0.5,Positif
"horrible apps ,multiple fail to receive qr code .",-0.5,0.4333333333333333,Negatif
Kalau ada yang RIBET kenapa dibikin MUDAH? Beli PERTALITE pake duit pribadi kok ya riweuh,-0.022222222222222216,0.7111111111111111,Negatif
"Ada yang lebih ribet, ngapain yang lebih mudah...akal sehat sudah hilang!",-0.125,0.6666666666666666,Negatif
"Pemerintah mending bubar aja, gak ada guna",0.5,0.5,Positif
Bikin ribet,-0.5,1.0,Negatif
Gampang dipakai dan dikonek dengan linkaja,0.43333333333333335,0.8333333333333334,Positif
"Gajelas malah nyusahin wong cilik yg cari makan demi pertalite, ribet bener dah hidup ni",-0.12772727272727272,0.5766666666666667,Negatif
"Why this apps should be conneted to Link Aja Apps, Is there no other ways to top up saldo except Link Aja? that it apps forces to access the phone User",0.28125,0.4375,Positif
MANTAP BETUL,0.8,0.75,Positif
"Gimana ceritanya Pertamina rugi tiap tahun, jadikan saya dirut maka akan kulambungkan laba Pertamina sampai puncak gunung semeru",0.1,0.3,Positif
Bagus,0.7,0.6000000000000001,Positif
Batalkan kenaikan harga BBM,0.0,0.0,Netral
Nyusahin. Uninstall.,0.0,0.0,Netral
"Lainnya bakar duit, si ini dibantu sana sini biar naik. Gud lah.",0.0,0.0,Netral
"Percuma, SPBU kebanyakan pembayaran tidak bisa menggunakan mypertamina.",0.0,0.35,Netral
Minta data nya apa ngak kelewatan sensitif hanya buat isi bensin?,0.1,0.9,Positif
Aplikatif,0.4,0.5,Positif
"Aplikasi gak guna, menjebak.",-0.15,0.0,Negatif
Mantap,0.8,0.75,Positif
Registrasi lama,0.1,0.2,Positif
"kok buruk gini aplikasinya? mau daftar gk bisa! servernya harus diperbaiki lagi,ditambah kapasitas! masa sekelas pertamina yg banyak duitnya kok gk bisa jalankan aplikasi dengan server yg memadai!",-0.11111111111111105,0.39999999999999997,Negatif
Gagal daftar,-0.5,0.3,Negatif
"Aplikasi yg dipaksakan, kalo gk punya, gk bisa isi bensin.",-0.30000000000000004,0.2,Negatif
Very bad service ğŸ‘ğŸ»,-0.9099999999999998,0.8666666666666667,Negatif
Poor registration,-0.4,0.6,Negatif
"Kocak, subsidi disana cuma buat pajangan ajakah? Kenapa harus diisi dengan minimal 350cc baru di acc, yaa otomatis gagal terus ngisi form. Sekali di acc 350cc pasti ditolak karena dianggap mampu padahal cuma silinder 120cc tapi di kolom malah harus 350cc",0.12272727272727273,0.6757575757575758,Positif
Susah untuk registrasi..program ora encus,-0.2916666666666667,0.5416666666666666,Negatif
"Worst. Buang2 anggaran negara. Layanan di SPBU juga jelek overall. Gini amat produk pemerintah? Mending ke Shell / Vivvo, beda harga tp worth it.",-0.11666666666666665,0.5833333333333334,Negatif
Bahaya memainkan hp di spbu,0.0,0.0,Netral
sampah,0.0,0.0,Netral
Pengguna motor tidak bisa pakai jika beli pertalite?? kenapa harus dibedakan?,0.0,0.0,Netral
"INTEGRATED pake QRIS DONG !!! . Ini dh 2x gagal scan, ditungguin gabisa ke scan. Padahal pake bni dan app lainnya ga ada 2 detik langsung bisa scan qr code.",-0.3125,0.3375,Negatif
Nyusahin masyarakat,-0.2,0.2,Negatif
"Cuma bisa pakai linkaja, ga ada opsi lain, perusahan besar gaji pegawainya besar tapi aplikasinya kok kelas rendahan.",0.12276785714285715,0.5580357142857143,Positif
Gak guna,-0.5,0.2,Negatif
"Link ke link aja gagal terus, konfirmasi email lama 14 hr kerja, infonya bisa lebih cepat tp tidak, ubah data email ga bisa.",-0.2,0.25,Negatif
Kalo bisa rate bintang 1/4 neh aplikasi ane rate bintang 1/4 !,0.0,0.0,Netral
Aplikasi butut,0.0,0.0,Netral
Ruwet,-0.5,1.0,Negatif
Aplikasi ga berguna. Beli pertalite suruh daftar pas udah daftar ga di segera di verifikasi. Entah app nya atau adminnya yng busuk. Benci bgt. Ga guna,-0.3333333333333333,0.3666666666666667,Negatif
"Fak BBM naek terus, era jkw naik 7x",0.0,0.0,Netral
Sangat tidak efisien untuk pembayaran dan sering gagal pembayaran ditambah staf pertamina yang sangat tidak siap untuk pembayaran non tunai...staf selalu memakan banyak waktu untuk mengambil mengambil edc karena edc tidak standby di setiap pom,-0.033333333333333326,0.3,Negatif
"Poor app. Too many bugs, sometimes crashes, and sucks payment method.",-0.06666666666666667,0.46666666666666673,Negatif
RIBETIN RAKYAT,0.0,0.0,Netral
"Kode OTP ga pernah diterima. Lain kali, siapin dl wadahnya yg bener2 bagus dan layak, baru ubah sistemnya ya.",0.35,0.30000000000000004,Positif
Ribet banget jadi warga wakanda,-0.65,1.0,Negatif
Sulit di operasikan,-0.5,1.0,Negatif
"Mau daftar tapi tidak bisa daftar , coba di perbaiki lagi aplikasinya",0.0,0.0,Netral
"Masuk apps, tapi linknya diarahin ke website. Buat apa?ğŸ˜€",0.0,0.0,Netral
Turunkan harga BBM,0.0,0.0,Netral
Aplikasi yang mempersulit hidup. Memperpanjang antrian di SPBU.,0.0,0.0,Netral
Terlalu ribet buat pengguna,-0.5,1.0,Negatif
"saya sdh lama bgt pakai app ini, eh akhir akhir ini kenapa pas di butuhkan buat bayar (dulu dulu ngga kaya gini), masalahnya di saat pembayaran aplikasi tidak bisa finalisasi pembayaran, bukan karena sinyal HP yang lemah ya, tapi aplikasinya yang tidak bisa eksekusi. udah bikin lama antrian, dan malu juga lah. note: saya beli bbm nya non subsidi perta dex dan pertamax.",-0.09785714285714285,0.5121428571428571,Negatif
"Nyusahin banget, ujungnya bbm juga naik",0.2,0.2,Positif
Sebuah kegagalan,-0.3166666666666667,0.3,Negatif
"rak mutu, kurang gawean!!!!",-0.4069010416666666,0.06666666666666667,Negatif
Bad so very bad,-0.8049999999999998,0.7666666666666666,Negatif
can't update,0.0,0.0,Netral
Tidak berguna,-0.5,0.2,Negatif
Raiso dinggo.,0.0,0.0,Netral
Menyusahkan rakyat kecil,0.0,0.0,Netral
"Sometimes working well, sometimes not. While paying can not wait, so i prefere not to use it anymore",0.0,0.0,Netral
Kebijakan tidak jela,0.0,0.0,Netral
apaan ni ajgg,0.0,0.0,Netral
Sudah Hidup Susah malah ditambah susah,-0.5,1.0,Negatif
Aplikasi gk guna,0.0,0.0,Netral
Ribet,-0.5,1.0,Negatif
"Selalu error dan kembali ke menu awal, data tidak ter save, BAD",-0.3499999999999999,0.3333333333333333,Negatif
"Bercontoh sama PETRONAS, pertamina mahal, ngerugi, membebani masyarakat",-0.2,0.75,Negatif
Ribet,-0.5,1.0,Negatif
"Sangat tidak efisien dan buang2 waktu hanya untuk mengisi bensin saja apalagi kalo HP bermasalah atau jaringan bermasalah, ini benar2 ribet",-0.125,0.575,Negatif
Rumit,-0.5,1.0,Negatif
"Seperti aplikasi yang belum siap. Aplikasinya kadang berjalan dengan baik namun kadang tdk, sesuai mood ğŸ˜…. Jadi takut untuk menggunakan. Metode pembayaran terbatas hanya untuk link aja. Terus maaf ya apa perlu ada fitur jualan merchandise? Kaos tulisan motor gp dan pertamina 350 rb?? ğŸ˜‚ kalau ada yg beli ya syukurlah.",-0.2542857142857143,0.7085714285714285,Negatif
Saya mau bayar pakai aplikasi malah ditolak spbu dong. ğŸ˜…,0.0,0.0,Netral
Aplikasi Gk Guna ğŸ˜…,0.0,0.0,Netral
Verifikasi butuh 2 minggu. Ga sekaligus 1 bulan???,0.0,0.0,Netral
Nyusahin rakyat,0.0,0.0,Netral
"Sangat jauh dari kata ""mempermudah"" masyarakat",0.13,1.0,Positif
"pembayaran cashless ruwet, masa harus link ke app link aja dan di link aja gada opsi autodebit ke bank mayoritas ternyata cuman ada cc BSI sama paylater doang isinya. proyek ngadiÂ² & gak jelas mending anggaranya buat nambahin subsidi BBM.",0.0,0.8333333333333334,Netral
ribet bangke,0.0,0.0,Netral
woii harga turun woy.. Kemahalan 10rb,-0.5,0.7,Negatif
Admin slow respon,-0.30000000000000004,0.39999999999999997,Negatif
tidak bisa terhubung ke linkaja,0.0,0.0,Netral
Nyusahin rakyat.. susah minyak di negeri penghasil minyak,-0.5,1.0,Negatif
Tidak ramah,-0.1875,0.5,Negatif
sudah awalnya di paksa download dan daftar . Taunya ga kepakai . Eh harga naik . Isi bensin prosedurnya si operator input Nomor Kendaraan dulu jadi lambat dan ngantri panjang . Tolong lah namanya system tuh dimana mana lebih efektif dan effisien . Ini malah jadi sampah . Ganti aja orang systemnya .,0.07499999999999997,0.39999999999999997,Positif
bapuk,0.0,0.0,Netral
Can't login after download. Always crash.,0.0,0.0,Netral
Verifikasi linked aja kode nya ga msuk2,0.0,0.0,Netral
Sangat merepotkan,0.2,0.3,Positif
"Harusnya kalo mau liat brcode tinggal klik di icon, ngapain login ktp.. sampah !!!",0.0,0.0,Netral
tidak bisa edit email,0.0,0.0,Netral
MAAAHAAAAAL...RIBEEEET...REEPOOOOT!.. GOOOBLLOOOO6 JUALAN APLIKASI..NGIBULIN RAKYAT!! DEMI FEE 1000 PERAK DARI LINK AJA ATAU PEMBAYARAN BANK... SAMPAH SEKALI,0.2,0.3,Positif
"Bikin ribet aja, aturan di POM bensin ga boleh nyalain handphone",-0.5,1.0,Negatif
"Sekarang my pertamina nyusahin. Sy beli Pertamax pake aplikasi harus masukan dlu jml nominal pembelian (500rb). Dulu gk ada model begitu. Pas diisi ternyata pengisian nya cuma senilai 478.910,- Pertanyaan saya, gimana cara pertamina ngendaliin spbu spy tersedia pengembalian uang tunai sy senilai Rp. 21.090,-???? Padahal aplikasi my pertamina dibuat spy bisa bayar sesuai jml pembelian cashless.., hmmmmmm apa nyari ujung ya? Rp.90,- dikali 1 juta transaksi per hari lumayannn juga ya boss...",0.2625,0.54375,Positif
Kenapa saya tidak kunjung mendapatkan kode otp via sms saat mendaftar?,0.0,0.0,Netral
"Tolong buat aplikasi untuk fasilitas umum lebih serius !!! . Sangat disayangkan perusahaan migas (minyak dan gas) raksasa di negeri ini membuat aplikasi yang sulit dimengerti, fitur membingungkan, platform pembayaran sedikit dan jarang digunakan masyarakat pada umumnya, proses pendaftaran subsidi membutuhkan waktu 2 minggu (sangat lama). . Jangan sampai syarat dan Ketentuan pembelian kebutuhan sehari hari terutama bensin malah menghambat produktifitas konsumennya ! Terimakasih",-0.10114583333333331,0.5752380952380953,Negatif
aplikasi jelek,-0.4,0.6,Negatif
"BINTANG 1 DULU BOS SOALNYA CUMA BISA BAYAR PAKE LINKAJA, BELUM BISA PAKE YG LAIN.",0.125,0.6666666666666666,Positif
"many problems that i can't tell about, this app is suck",0.5,0.5,Positif
Aplikasi gak jelas... Menyusahkan saja...,-0.05000000000000001,0.3833333333333333,Negatif
rudet,0.0,0.0,Netral
Installed this app from 2017 because they offering a e-voucher that seems competitive but.. it didn't last long. (you guys should add more e-voucher for GAS NOT FOOD. And per 10k by filling gas add 10 or more points so we can claim e-voucher) And why they didn't have their own e-wallet is beyond me. KAI has one.,0.30999999999999994,0.49333333333333335,Positif
So dissapointing,0.0,0.0,Netral
"Cara pembayaran di SPBU sangat merepotkan, baik pelanggan maupun petugas SPBU. 4 kali saya mencoba bayar pakai mypertamina, menghabiskan 5-15 menit hanya untuk membayar.",0.2,0.3,Positif
Susah buat Daftarny Ga bisa di klik selanjutny,-0.14583333333333334,0.2708333333333333,Negatif
udh harga naek..masih aja dibikin ribet..apa gunanya pake aplikasi ini klo harga nya naek..plat merah emg aneh,-0.3333333333333333,0.6666666666666666,Negatif
Aplikasi bagus sayangnya banyak alasan di SPBU bahwa aplikasi error,0.2333333333333333,0.7000000000000001,Positif
"Hmmmm, ribettt",0.0,0.0,Netral
Kurang bersahabat app serba susah,-0.09722222222222221,0.5222222222222223,Negatif
RAKYAT DISURUH HEMAT. TAPI DIRUT NYA NYUAP WAKIL KPK jalan2 ke lombok. . . Macam ga ada dirut yg lebih bagus aja etikanya,0.55,0.7,Positif
"Jika bisa di persulit, kenapa di permudah? Wakanda forever",-0.033333333333333326,0.9166666666666667,Negatif
Belum ada dukungan di daerah tempat tanggal.,0.0,0.0,Netral
"Nomor saya sudah terdaftar atas nama orang disaat saya menggunakannya, tidak hanya saya bahkan keluarga saya juga mengalami hal yang sama, kalau ingin disanjung tolong jangan pakai cara yang tidak baik seperti ini",-0.23333333333333328,0.5972222222222222,Negatif
The Government is so freaking suck !!!!,0.0,0.0,Netral
ribet,-0.5,1.0,Negatif
"Aplikasi jelek ui nya Fungsinya gak jelas. Otp sering gak kekirim Register susah, nopol plat audah digunakan padahal saya baru daftar",-0.6,1.0,Negatif
Useless aplication,-0.5,0.2,Negatif
"Sudah log in, tapi ga bisa register kendaraan",0.0,0.0,Netral
Jelek gak jelas,-0.375,0.6916666666666667,Negatif
Woyyy..ini gimana ga bisa diketik isi silindernya..mau daftar beli bensin aja susah anjng,-0.2916666666666667,0.5416666666666666,Negatif
"If u want to force people to using the app, at least make the app better.",0.1,0.45,Positif
"Ni bagaimana, proses registrasi di kolom isi silinder tidak bisa diisi... bikin ribet saja sih beginian.. blom lagi klo pake kendaraan yg bukan milik sndiri, misal rental, bagaimana???",-0.04999999999999999,0.95,Negatif
can't login..bad app,0.0,0.0,Netral
Untuk jokowi,0.0,0.0,Netral
Ribet,-0.5,1.0,Negatif
aplikasi cacat. masak gk bs masukin 3 hurup terakhir no plat,0.0,0.06666666666666667,Netral
Server down,-0.15555555555555559,0.2888888888888889,Negatif
Applikasi kureng baik.,0.7,0.6000000000000001,Positif
Percuma lu pada kasi bintang 1. Ga bakal berubah regulasi. hahah,-0.5,0.2,Negatif
"Sampah anjir, bener2 ampas. Terus aja BBM naik.",0.2,0.2,Positif
buat apa daftar...tapi ternyata harga bbm sama aja!!! tricky banget nih biar banyak yg download!!,0.390625,0.3125,Positif
Mau ketik berapa cc mobil tidak bisa,0.5,0.5,Positif
Error mulu daftar subsidi cb perbaiki dlu tiap diinput cc mesin gbs diinput,0.0,0.0,Netral
very bad,-0.9099999999999998,0.8666666666666667,Negatif
"Ngerepotin aja, bye!",0.0,0.0,Netral
Debitnya gbsa pakai BCA..,0.0,0.0,Netral
"selalu error saat melalukan pendaftaran, kolom silinder tidak bisa di isi, saat akan upload foto aplikasi kembali ke layar awal",0.2,0.45,Positif
SESSAJAKI SUNDAL,0.0,0.0,Netral
Tidak bisa isi form bagian silinder. Kalo mau bikin aplikasi yang bener dulu dek,0.25,0.3333333333333333,Positif
"aplikasi suram. udah cape cape ngisi data pendaftaran, pas mau isi cilinder malah ga bisa ...",-0.6,0.7999999999999999,Negatif
"Useless app, register for get the oil of subsidi but no work. Wasting time.",-0.5,0.2,Negatif
Ribet,-0.5,1.0,Negatif
Setelah update aplikasi tidak bisa mengisi kolom Volume / CC kendaraan. Tolong diperbaiki. Sudah coba lewat HP yang lain hasilnya juga sama.,0.0,0.125,Netral
Lahir bersama kegelisahan rakyat kecil,-0.25,0.4,Negatif
Ga bs isi data,0.0,0.0,Netral
Mo Error pas daftar gabisa,0.0,0.0,Netral
"Aplikasi penyusah rakyat, ga bisa upload foto, ga bisa take picture, crash mulu, ini developer mana sih yg buat, pasti dibayarnya super mahal buat bikin ni aplikasi tapi hasilnya kayak sampah macem bgini..",0.027777777777777752,0.5666666666666667,Positif
Mau daftar aja susahnya minta ampun.. Cuma mau ngisi data di klik selanjutnya laman ga munculÂ² Kl mmg belum siap sama apl mending di perbaiki dl. Kalau bgini kasihan konsumen nya mau dipakai beli tapi daftar ga bisa2.,-0.12,0.6,Negatif
tidak bisa input CC kendaraan,0.0,0.0,Netral
Sangat sederhana ya aplikasinya Saya tidak bisa input NIK saat hendak mendaftar subsidi bbm,0.0,0.4642857142857143,Netral
No opinion,0.0,0.0,Netral
Gak lancar aplikasinya,-0.2,0.5,Negatif
"Naekin BBM disaat ekonomi lagi turun, premium dihilangkan, dulu zaman SBY premium naik dikit bikin drama nangis2 Dan ngancam nurunin 15k massa, skrg pas berkuasa malah gak peduli sama masyarakat.",-0.009375000000000008,0.575,Negatif
"Izinkan saya pake gopay dong, jangan mentang2 plat merah hanya bisa topup ewallet plat merah juga.",0.0,0.3333333333333333,Netral
Usahnya rakyat kecil hy bs ngikuti aturan,-0.1875,0.5,Negatif
Kocak,0.5,1.0,Positif
APLIKASI MENYUSAHKAN RAKYAT INDONESIA PENUH KORUPTOR,0.07499999999999998,0.375,Positif
Kenapa ya,0.0,0.0,Netral
Apakah aplikasi ini bisa diandalkan ?,0.0,0.0,Netral
"Pas daftar tulisannya sudah terdaftar nomer hp nya Giliiran masukkan pin yo ndak tau kok tanya saya,lha siapa yg daftarin saya Akhirnya saya klik lupa password,sudah dpt confirm sms dan sdh saya set pin nya Lhadalah pas mau masuk,sdh input nomer hp dan pin,malah gak bisa dipencet tombol masuknya Ini gimana ya maunya aplikatornya (Edit:sudah 2 bulan dr pertama review tdk ada follow up,masih tetap) Emang aplikasi sampah ini mah",-0.08333333333333333,0.7777777777777778,Negatif
"Gk jelas,di verifikasi nth kapan, telpon customer service sibuk trus sampe pulsa jebol,video call petugas sibuk terus, di chat jg trus jawab otomatis, tolong dipertimbangkan masukan dan saran dari para konsumenğŸ™",-0.0625,0.3458333333333334,Negatif
Ribetttt,0.0,0.0,Netral
OTP TIDAK MUNCUL,0.0,0.0,Netral
"Bentar lagi juga bakal ilang ni aplikasi. Liat aja nanti, kesel gw pakai apk kagak jelas.. mubazir.. semua berawal dari kardus d gembok",-0.025000000000000005,0.19166666666666665,Negatif
Ga guna. Katanya utk bedain kendaraan subsidi dan tidak. Tp harga tetep naik. Bcd.,-0.5,0.2,Negatif
Useless app,-0.5,0.2,Negatif
Proses isi formulir/registrasi subsidi pertalite untuk kendaraan kecil tidak bisa ditinggal/ganti aplikasi. Jika ganti aplikasi untuk ambil foto/dokumen maka proses berulang kembali dari awal. Sangat tidak efisien,-0.024999999999999994,0.35,Negatif
Bth perbaikan dimana2,0.0,0.0,Netral
"Why i can't open the app? I have use this for 2 month without problem, but why today (03/09/22) i can't open the app?",0.0,0.5,Netral
Mana yg dulu DEMO bbm naik rakyat sengsara,0.0,0.0,Netral
"Aplikasi tidak berguna. Saya sudah registrasi tapi tetap tidak bisa login, coba mengulang registrasi, lucunya data sudah terdaftar, tapi tetap tidak bisa login. call center tidak bisa dihubungi. Semua sibuk. Menyusahkan.",-0.06249999999999999,0.4,Negatif
Busuk,0.0,0.0,Netral
Upaya prmbodohan terhadap bamgsa sendiri Pertamina jauh lebih kejam nenek sihir,-0.07500000000000001,0.65,Negatif
"Harus nya yg naik itu pertamax turbo ,ini malah pertamax turbo di turunin .pertalite dinaikin ,tolol nya murni pemberian tuhan .",0.004761904761904773,0.8166666666666668,Positif
"Aplikasi sampah, susah sekali untuk registrasi, selalu crash, tapi paksa konsumen harus pakai aplikasi ini untuk beli bahan bakar yg jadi kebutuhan penting, tidak masuk akal",-0.18333333333333335,0.7333333333333334,Negatif
"Tidak bisa registrasi, barcode tidak muncul2 dan tidak ada arahan yang jelas. Terlalu berbelit-belit.",-0.05000000000000001,0.3833333333333333,Negatif
Ampas,0.0,0.0,Netral
5 menit setalaah install lgsg saya uninstall. utk app sekelas BUMN sangat parah dalam UI UX. koneksi kenseerver pun sangat parah,0.2,0.3,Positif
Please solve all kind failure and complaining regarding this app. Almost two weeks my account pending due to verification issue!! unfortunately the sucker admin only keep silence without any response at allğŸ¤”ğŸ‘,-0.11866319444444445,0.7291666666666666,Negatif
Ribet coy,-0.5,1.0,Negatif
"Astaghfirullah.. krn terpaksa make ini, 2x daftar, sdh ngisi uploadÂ² d tengahÂ² halaman gagal d load, kembali lg 2x, tolong d perbaikin klo emang nyuruh make ini",-0.12000000000000002,0.13999999999999999,Negatif
Sulit masuk,-0.5,1.0,Negatif
Aplikasine iki sido kangge pora ng pom? Lek ora tk uninstal ae,0.0,0.0,Netral
Habis update malah ga bisa dibuka... capedeee,0.0,0.0,Netral
Lelet loading content nya,-0.30000000000000004,0.39999999999999997,Negatif
Aplikasi paling berguna yang saya pakai.,0.4,0.25,Positif
Well this is cool application to ensure your fuel demand is addresses properly. Appreciate the effort to manage fuel distribution better. Thanks.,0.2625,0.3625,Positif
mentang2 menuju digital tapi gak semuanya mesti dalam bentuk apps. kalo ada bintang -100 gua kasih.,0.25,0.3,Positif
Failure registration,-0.3166666666666667,0.3,Negatif
Mudah cepat...,0.31666666666666665,0.7166666666666667,Positif
Ribet,-0.5,1.0,Negatif
KONTOLL!!!,0.0,0.0,Netral
mempersulit,0.0,0.0,Netral
"Apa boleh ngomong ""Anji**""?",0.0,0.0,Netral
"Can't even register. When register, notification told me that my number has been registered. When login and forget password, notification told me not yet registered. Kckckck shame on you",0.0,0.0,Netral
Metode pembayaran sangat tendensius ke salah satu penyedia. Aplikasi tidak user friendly.,0.2875,0.4,Positif
aplikasi menyusahkan,0.0,0.0,Netral
app tlol,0.0,0.0,Netral
"Aplikasi pembocor data pribadi ni,",0.0,0.3,Netral
hadeh,0.0,0.0,Netral
"i dont know what i say, but this is an app that troubles people, and jikalau saya boleh kutip kata-kata mas petra dari pati ""f*k'ng hel dud""",0.0,0.0,Netral
"Saran ae mending jangan pake apk2 gini buat apaa? Mending pake nontunai (emoney, Flazz, tapcash, dkk) malah tidak bahaya, kan saat mengisi bensin bukannya gaboleh make hp sih?? Pakelah semacam emoney, Flazz, tapcash, dkk itu tadi....!",0.0857142857142857,0.6452380952380952,Positif
"Aplikasi monopoli, kita dipaksa pakai linkaja",-0.30000000000000004,0.2,Negatif
Dipaksa,-0.30000000000000004,0.2,Negatif
"Ada gak sih bintang 0, terlalu bagus bintang 1",0.7,0.6000000000000001,Positif
Susah,-0.5,1.0,Negatif
"Poin tiba2 hilang tanpa ada notifikasi... Linkaja jelas2 sudah ter link dgn aplikasi tapi gk bisa dibuat payment... Waste apps banget... Woii tolonglah dbenerin appsnya,, harga bbm kan dah naik nih... Pemasukan kalian jg pasti naik signifikan kan.. Tolonglah danany dipake buat benerin apps ini.. Biar gk jadi junk apps.. Pliiisss...",0.12678571428571428,0.4156746031746032,Positif
Aplikasi mempersulit rakyat,0.0,0.0,Netral
Banyak gaya pemerintah konoha,0.5,0.5,Positif
"Aplikasi tolol , verifikasi aja lama anjeng",-0.425,0.7,Negatif
Kebanyakan aturan,0.5,0.5,Positif
"Saya sudah berhasil mendapatkan QR code. Terima kasih. Pertanyaan saya kenapa setiap akan menampilkan QR code harus selalu log-in ulang, karena disebutkan kurang lebih ""sesi anda sudah habis waktunya, silakan log-in ulang"". Tujuannya apa ya?",0.16666666666666669,0.2833333333333333,Positif
"Tidak bisa menampilkan barcode, nomor tidak di temukan",0.0,0.0,Netral
Blm merasakan manfaat,0.0,0.0,Netral
"Coba diperbaiki lagi dah, udah ngedaftarin mobil dan data diri, tp malah hilang ga kesimpen di database hadeuh",0.0,0.3,Netral
naik jadi 10ribu,0.0,0.0,Netral
"Banyak terdapat bugs, UI sangat tidak nyaman, fitur ""lupa password"" tidak berfungsi, konfirmasi tidak bisa muncul lewat email yang terdaftar, dan masih banyak fitur lain yang bermasalah",0.056249999999999994,0.59375,Positif
"Beberapa kali melakukan pembayaran melalui MyPertamina, tapi pointnya tidak masuk",0.0,0.0,Netral
GOBLOKKK,0.0,0.0,Netral
Semoga semakin tepat sasaran dan terima kasih untuk kemudahan,0.5,0.5,Positif
"Nyuruh2 beli bensin harus pake aplikasi buat dapet subsidi, tapi giliran mau daftarin mobil plat kuning (angkutan umum) ga bisa, ga ada pilihan plat kuning nya, admin sosmed nya juga di hubungi ga bales2, ini nih yang jadi cerminan kalo bangsa kita pengen keliatan canggih/keren tapi infrastruktur dan fasilitas nya belum siap. Lagian untuk angkutan umum ber plat kuning harusnya ga perlu daftar juga sudah kelihatan dari bentuk sama warna platnya kalo itu mobil angkutan umum. Dasar payah.",-0.05555555555555555,0.1722222222222222,Negatif
Ok,0.5,0.5,Positif
ribet.. sering gagal login tapi maksa dipake,-0.43333333333333335,0.49999999999999994,Negatif
Selama pembeli yg pake jerigen sma mobil diutamakan mah... Masih bintang 1,0.055,0.47,Positif
Try again many times for registrating new account for tepat subsidi. It didn't work. ğŸ¤·,0.30735930735930733,0.4967532467532467,Positif
Sedekah bintang ah.. Kasihan banyak yg spam bintang 1. ğŸ˜‚,0.0,0.75,Netral
Verifikasinya lama bener. Bukannya memudahkan malah menyukitkan ğŸ‘,-0.05,0.4,Negatif
Banyak peraturan yang menyulitkan rakyat,0.0,0.75,Netral
Kebijakan yang kurang tepat,0.0,0.0,Netral
Susah bet dah pendaftarannya tolong lah ya mau beli bensin ini suaah banget,-0.04583333333333334,0.37083333333333335,Negatif
"Daftar aja gak bisa, harusnya pakai otp atau apa ke nomer hp yg didaftarkan. Parah....",0.0,0.8,Netral
"Ga bisa daftar2, payah",-0.6999999999999998,0.6666666666666666,Negatif
"Mau daftar gak bisa. Diminta pilih ""Jenis Transportasi"" tapi tidak ada pilihannya, kalau mau di Klik ""Selanjutnya"" gak bisa, karena harus pilih dulu Jenis Transportasi-nya ğŸ¤¦ğŸ½â€â™‚ï¸ gimana mau daftar, kalau mau daftar aja sulit",-0.25,0.5,Negatif
Sampahhh,0.0,0.0,Netral
Bagus,0.7,0.6000000000000001,Positif
"Already register few months ago. Until now, there's no update about my application form",-0.2,0.1,Negatif
Tidak bisa login,0.0,0.0,Netral
Lama bangt ajg verifikasinya asw,-0.05,0.4,Negatif
"I downloaded to give it 1 star, here you go!",0.0,0.0,Netral
Sulit menerima SMS verivikasi dan lupa password,-0.5,1.0,Negatif
"Ribet kali. semua harus didata, setelah itu data dijual ke black market. dahlah ga ngerti lagi",-0.3333333333333333,0.7166666666666667,Negatif
Ruwet...ruwettt...ruwet.....,0.0,0.0,Netral
Lumayan.. kalau bisa di tambah metode pembayaran ewallet nya.. link aja suka ngaco alias trouble setiap melakukan pembayaran.. jadi lama proses nya..,0.27499999999999997,0.5666666666666667,Positif
"Gabisa daftar, mentok dibagian OTP. Nomor udah bener tapi ngga ada sms untuk OTP",0.0,0.0,Netral
Ok,0.5,0.5,Positif
Ikut trend ajh,0.0,0.0,Netral
"Tried registering 10+ times, can't do it. The registration form always crashes randomly when choosing photos from gallery. The ironic part is that the app already has some fancy animations while the users can't even do the most basic thing in any app: REGISTER. Refueling is important, fix this hot mess before forcing people to use it.",0.09642857142857143,0.5785714285714285,Positif
Rudet beli bensin harus pake bginian..,0.0,0.0,Netral
"Seperti biasa, platform buatan pemerintah banyak masalahnya, registrasi subsidi tepat gagal terus sebanyak ratusan Kali sampai bosan mencet hp, kayak kurang kerjaan aja.",-0.07285714285714287,0.45714285714285713,Negatif
Bumn kaga jelas. Ngaku rugi rugi terus. Potong gaji sana,0.10000000000000002,0.3833333333333333,Positif
stupid app,-0.7999999999999999,1.0,Negatif
Bad and very very ribet,-0.6749999999999999,0.8333333333333333,Negatif
App response so low. It's just wasting my time,0.0,0.3,Netral
ISI BENSIN SAJA RIBET.,-0.5,1.0,Negatif
Susah sekali hanya utk daftar gagal terus entah gmn,-0.5499999999999999,0.5333333333333332,Negatif
Oke kontrol bbm bersubsidi,0.5,0.5,Positif
Makin ribet,0.0,0.75,Netral
Useless .. unsimple,-0.5,0.2,Negatif
Ok,0.5,0.5,Positif
Gampang dan cepet registrasinya.... mungkin karena bukan peak hour.,0.31666666666666665,0.7166666666666667,Positif
"Poor optimization, UI and UX that is not user-friendly, servers that fail to load frequently, top-ups are limited and difficult to do and many other issues... This app is more suitable for millennials and not for less tech-savvy parents.",0.042989417989417994,0.3927248677248677,Positif
sering eror tidak bisa login,0.0,0.0,Netral
"buset gimana orang mau migrasi isi bensin digital, wong perihal otp aja gamasuk masuk wkwk.",0.0,0.0,Netral
can't register,0.0,0.0,Netral
"Tambah dong sistim pembayarannya, jangan cuma make ""link aja"" , tambahin GOPAY dan yg lainnya, saya cuma pakai GOPAY , repot kalau mau register yg lain",0.0,1.0,Netral
"Ngaco x kalian, mau login aja susahnya minta ampunn..",-0.5,1.0,Negatif
Mau daftar subsidi susah. Bru registrasi NIK sudah terdaftar. Mau login NIK tidak ditemukan. Kan bangke,-0.5,1.0,Negatif
"Sudah daftar dan input data yg diminta, sudah terkonfirmasi sebagai penerima Subsidi, tapi tetap tidak bisa pakai QR yg muncul di 3 Pom bensin!?",0.5,1.0,Positif
"Sorry aja nih ya. Agak ribet kalo make aplikasi ini, apalagi buat yang usaha kecil/makro. Solar susah, tambah wajib pake aplikasi... Duh pusing, PakğŸ˜“",-0.36,0.9199999999999999,Negatif
"Worst app in the world... many times apply with true pict and data but still got the blues... niat hati mau tertib data, 5x ngisi kagak ada yg beres...",0.012499999999999997,0.5625,Positif
"Aplikasi pembodohan rakyat. Daftar nyoba puluhan kali tetep gak bisa. Biar beli pertamax terus tuh tujuannya pertamina, mending hapus aja pertalite.",0.5,0.5,Positif
"Akhirnya kembali ke moto negara, kalau bisa dipersulit kenapa dipermudah?",-0.25,1.0,Negatif
Gk pnya akun link aja. Cma pnya shopeepay dana. Gk pnya akun mbanking. Susah bayar.,-0.2916666666666667,0.5416666666666666,Negatif
Sangat tidak ramah,0.2,0.3,Positif
data crush mau masukin plat eror kemarin sudah ada barcode hari ini mau isi bahan bakar barcode sama data mobil hilang.,0.2,0.1,Positif
Useles apps,0.0,0.0,Netral
"bad apps, bad service, bad update, bad server, all the things are worst",-0.7599999999999999,0.7333333333333333,Negatif
APK Busuk...mending ga ush Di install.,0.5,0.5,Positif
Bagaimana yang tidak punya mobil dan hanya rental ? Apa yang mau didaftarkan ? Mempersulit kehidupan orang sulit.,-0.5,1.0,Negatif
Ribet,-0.5,1.0,Negatif
Ga bisa nambah & edit armada di menu daftar & transaksi,0.0,0.0,Netral
"Harus download link aja, Ngantri jadi lama, Memori hp penuh, nyedot data banyak. Maunya apa suruh orang pasang app ini.",0.15,0.47500000000000003,Positif
"Coba test subsidi my pertamina, herannya NIK saya kok bisa dipakai orang lain dan tidak ada solusi...reset nya kl dikirim ke email orang pencatut data NIk ya itu sama saja percuma...artinya ada celah penyalahgunaan data...ini jelas problem serius...bgmn jika org yg benar benar perlu NIK nya dipakai orang dan dia tidak bisa beli pertalite .. tolong pertamina bagaimana menyelesaikan masalah spt ini.",0.14444444444444446,0.34583333333333327,Positif
Error terus.,0.0,0.0,Netral
"Can I give 0 star for this app? The only button that can't be access is ""Masuk/Login"" button",0.0,1.0,Netral
"Berulang kali coba registrasi error. Berulang ya Ratingnya mo bikin rekor. Buat yg niat daftar, mending mampir di pom yg ada petugasnya, ambil link QR disitu, coba, pasti nyambung. Patut disinyalir,,,,,",0.23333333333333336,0.2333333333333333,Positif
Terimakasih...,0.0,0.0,Netral
Unstable apps,0.0,0.0,Netral
"Daftar kendaraan sulit sekali, coba beberapa kali daftar selalu balik ke home, utamanya saat pilih gambar yang membuat harus isi ulang kembali datanya, ntah apa kerja bagian QC software ini padahal akan digunakan satu Indonesia",-0.2833333333333334,0.7000000000000001,Negatif
"Di luar daftar subsidi tepat, aplikasinya sudah bagus.. Saran mohon tambahkan lebih banyak opsi pembayaran.. juga apabila bisa tambahkan fitur untuk mengetahui harga BBM terupdate per hari..",0.49523809523809526,0.5452380952380952,Positif
good,0.7,0.6000000000000001,Positif
Nyusahin,0.0,0.0,Netral
Aplikasi tidak responsive,0.0,0.0,Netral
Sangat tidak efektif,0.2,0.3,Positif
"Tidak baik auto maupun manual tdk sinkron dengan data yg sudah di uplod via web pertamina, meski data sudah sama termasuk nik, no hp, data kendaraan dan email..",0.0,0.125,Netral
"Menyusahkan aja , nanti kebakaran pom gara2 main hp bru nyalahin org.",0.0,0.0,Netral
Aplikasi mudah d gunakan,0.43333333333333335,0.8333333333333334,Positif
Bolak balik ke halaman awal pdhl dah ngisi Hal terakhir keren pk banget aplikasinya,0.06999999999999999,0.15666666666666668,Positif
"USER INTERFACE RIBET, MASA FORM UBAH DATA DI HP DAN PC BISA BEDA, MAU TAMBAH MOBIL HARUS NGEDIT SEMUA DATA, YA KALO PRIBADI, KALAU EKSPEDISI YANG MOBILNYA BANYAK?? MIKIR DONG, FORM GONTA GANTI GAJELAS, NYUSAHIN RAKYAT KALO GINI MAH, PROGRAM TITIPAN NYUSAHIN",-0.18,0.6566666666666666,Negatif
Sudah registrasi lama tapi blm terverifikasi dan blm dapat qr code...,0.225,0.5125,Positif
"Pengalaman mendaftar program subsidi tepat cukup mudah, hanya waktu tunggu proses verifikasi yang cukup lama namun masih dalam rentang 14 hari kerja. Secara umum aplikasinya bagus dan mudah.",0.2611111111111111,0.6944444444444445,Positif
Ngapa reset harus gunain email. Lebih baik menggunakan sms dari no telepon. Kita g tau hasil dari pendaftaran kemaren email ortu saya juga ga pernah di buka terus di daftarkan saja kemaren oleh operator tanpa verifikasi. Disini agak sulit karena plat nomor cuman bisa daftar di satu akun. Sudah lah sandi email terbengkalai begini kan susah jadinya,-0.058333333333333334,0.7083333333333333,Negatif
"apasih gajelas isi bensin aja harus pake ginian, negara makin la makin nyusahin rakyaat aja",0.3666666666666667,0.4611111111111111,Positif
Tidak berguna,-0.5,0.2,Negatif
"Bad apps, not usable. Trying so many times to registered and failed. Before pertamina forced to citizen use think this apps, you must think this is usable or not. Really bad!! ğŸ‘",-0.09999999999999998,0.4666666666666666,Negatif
Sampah,0.0,0.0,Netral
"Tdk.ada manfaat. Saya tunggu dl sblm uninstall, apa ada maslahat utk rakyat. Sy beli bbm jg bkn subsidi.",0.0,0.0,Netral
Lahh...,0.0,0.0,Netral
Tidak dapat diakses,0.0,0.0,Netral
Cie yang aplikasinya dibanyak orang karena terpaksa,0.09999999999999998,0.35,Positif
"Aplikasi sampah, gak bisa digunakan login",-0.2,0.0,Negatif
BUAT SUSAH MASYARAKAT. KON...!,-0.625,1.0,Negatif
"Apps is unuseless, cant add new vehicle",0.13636363636363635,0.45454545454545453,Positif
"Aplikasi sampah dari perusahaan sampah, yang rugi triliunan tapi pejabat sampai pagaeainya hidup dengan gaji yg besar kaya gak punya otak!!!!",-0.008095576298701302,0.20571428571428568,Negatif
"gabisa daftar subsidi tepat, katanya gangguan jaringan terus udah 3 hari padahal jaringan saya selalu stabil",0.2857142857142857,0.5357142857142857,Positif
Stupid application!,-0.9999999999999999,1.0,Negatif
Tidak bs didownload aplikasinya (pending),0.0,0.0,Netral
Gak bisa daftar. Kode OTP gak masuk di sms. Sudah lama isunya tidak ada perubahan juga,-0.05,0.4,Negatif
Ok,0.5,0.5,Positif
